chart_no;chart_date;position;artist;track
1;29.10.2021;1;Fisz Emade Tworzywo;ZA MAŁO CZASU
1;29.10.2021;2;Męskie Granie Orkiestra 2021;I CIEBIE TEŻ, BARDZO
1;29.10.2021;3;Kaśka Sochacka;CICHE DNI
1;29.10.2021;4;Organek;FOTOGRAF BROK
1;29.10.2021;5;Krzysztof Zalewski;PTAKI (MTV UNPLUGGED)
1;29.10.2021;6;Organek feat. Klaudia Szafrańska;IDZIEMY W MIASTO
1;29.10.2021;7;Bitamina;NIECH NO TYLKO ZAKWITNĄ JABŁONIE
1;29.10.2021;8;Muchy;SZARORÓŻOWE
1;29.10.2021;9;Daria Zawiałow;ŻÓŁTA TAKSÓWKA
1;29.10.2021;10;Jan Borysewicz & Piotr Fronczewski;NIE WIERZ NIGDY KOBIECIE
1;29.10.2021;11;Adele;EASY ON ME
1;29.10.2021;12;ABBA;DON'T SHUT ME DOWN
1;29.10.2021;13;Patrick The Pan;NIE CHCĘ PSA
1;29.10.2021;14;Ralph Kaminski;PO PROSTU BĄDŹ
1;29.10.2021;15;Sting;IF IT'S LOVE
1;29.10.2021;16;Artur Rojek;WSZYSTKO MI MÓWI, ŻE MNIE KTOŚ POKOCHAŁ
1;29.10.2021;17;Placebo;BEAUTIFUL JAMES
1;29.10.2021;18;Billy Idol;BITTER TASTE
1;29.10.2021;19;Artur Andrus & Monika Borzym;ZUPA NIC
1;29.10.2021;20;Ralph Kaminski;PIĘĆ MINUT ŁEZ
1;29.10.2021;21;Strachy Na Lachy;ZACHMURZONY W TOBIE
1;29.10.2021;22;Elton John & Stevie Wonder;FINISH LINE
1;29.10.2021;23;Eddie Vedder;LONG WAY
1;29.10.2021;24;Bluszcz;ODRA
1;29.10.2021;25;Diana Ross;THANK YOU
1;29.10.2021;26;Krzysztof Zalewski;WILK
1;29.10.2021;27;Michael Kiwanuka;BEAUTIFUL LIFE
1;29.10.2021;28;Maria Peszek;LOVESONG
1;29.10.2021;29;Blurred Pink;CZY TU JEST NASZ DOM?
1;29.10.2021;30;Sting;RUSHING WATER
1;29.10.2021;31;Iron Maiden;THE WRITING ON THE WALL
1;29.10.2021;32;Skubas;DOBRA CZARODZIEJKA
1;29.10.2021;33;Dave Gahan & Soulsavers;METAL HEART
1;29.10.2021;34;The Rolling Stones;LIVING IN THE HEART OF LOVE
1;29.10.2021;35;Iron Maiden;DAYS OF FUTURE PAST
1;29.10.2021;36;Tears For Fears;THE TIPPING POINT
1;29.10.2021;37;Organek;DOPPELGANGER
1;29.10.2021;38;Eric Clapton;THIS HAS GOTTA STOP
1;29.10.2021;39;Marcin Nowakowski & Kuba Badach;NA RÓŻOWO
1;29.10.2021;40;Olivia Vedder, Eddie Vedder, Glen Hansard;MY FATHER'S DAUGHTER
1;29.10.2021;41;Król feat. Grzegorz Skawiński;ZBYT DOBRZE CI IDZIE
1;29.10.2021;42;Bryan Adams;SO HAPPY IT HURTS
10;31.12.2021;1;Kaśka Sochacka;NIEBO BYŁO RÓŻOWE
10;31.12.2021;2;Fisz Emade Tworzywo;OK BOOMER!
10;31.12.2021;3;Przyjaciele Pewnej Ryby 2021;KARP TO SKARB
10;31.12.2021;4;Męskie Granie Orkiestra 2021;I CIEBIE TEŻ, BARDZO
10;31.12.2021;5;Grzegorz Turnau & Igor Herbut;ZUPA NA PLANTACH
10;31.12.2021;6;Fisz Emade Tworzywo;ZA MAŁO CZASU
10;31.12.2021;7;Krzysztof Zalewski;PTAKI (MTV UNPLUGGED)
10;31.12.2021;8;Kaśka Sochacka;CICHE DNI
10;31.12.2021;9;Daria Zawiałow;ŻÓŁTA TAKSÓWKA
10;31.12.2021;10;Bluszcz;LASY PRYWATNE
10;31.12.2021;11;Bitamina;NIECH NO TYLKO ZAKWITNĄ JABŁONIE
10;31.12.2021;12;Daria Zawiałow;METROPOLIS
10;31.12.2021;13;Organek;FOTOGRAF BROK
10;31.12.2021;14;Ralph Kaminski;PO PROSTU BĄDŹ
10;31.12.2021;15;Artur Andrus & Monika Borzym;ZUPA NIC
10;31.12.2021;16;ZAZ;IMAGINE
10;31.12.2021;17;Muchy;SZARORÓŻOWE
10;31.12.2021;18;Jan Borysewicz & Piotr Fronczewski;NIE WIERZ NIGDY KOBIECIE
10;31.12.2021;19;ABBA;DON'T SHUT ME DOWN
10;31.12.2021;20;Adele;EASY ON ME
10;31.12.2021;21;Sokół feat. Fasolki;JAK UROSNĘ
10;31.12.2021;22;Męskie Granie Orkiestra 2021;MAŁGOŚKA
10;31.12.2021;23;Riverside;STORY OF MY DREAM
10;31.12.2021;24;Artur Rojek;WSZYSTKO MI MÓWI, ŻE MNIE KTOŚ POKOCHAŁ
10;31.12.2021;25;Organek feat. Klaudia Szafrańska;IDZIEMY W MIASTO
10;31.12.2021;26;Dave Gahan & Soulsavers;METAL HEART
10;31.12.2021;27;Archive;SHOUTING WITHIN
10;31.12.2021;28;Billy Idol;BITTER TASTE
10;31.12.2021;29;Placebo;BEAUTIFUL JAMES
10;31.12.2021;30;Bovska;DZIKA
10;31.12.2021;31;Ralph Kaminski;PIĘĆ MINUT ŁEZ
10;31.12.2021;32;Patrick The Pan;NIE CHCĘ PSA
10;31.12.2021;33;U2;YOUR SONG SAVED MY LIFE
10;31.12.2021;34;Iron Maiden;THE WRITING ON THE WALL
10;31.12.2021;35;Elton John & Stevie Wonder;FINISH LINE
10;31.12.2021;36;Marillion;BE HARD ON YOURSELF
10;31.12.2021;37;Ed Sheeran & Elton John;MERRY CHRISTMAS
10;31.12.2021;38;Jack White;TAKING ME BACK
10;31.12.2021;39;Sorry Boys;JADĘ DO DOMU
10;31.12.2021;40;Blurred Pink;CZY TU JEST NASZ DOM?
10;31.12.2021;41;Iron Maiden;DAYS OF FUTURE PAST
10;31.12.2021;42;Organek;CAŁY TEN FEJM
11;07.01.2022;1;Kaśka Sochacka;NIEBO BYŁO RÓŻOWE
11;07.01.2022;2;Fisz Emade Tworzywo;OK BOOMER!
11;07.01.2022;3;Grzegorz Turnau & Igor Herbut;ZUPA NA PLANTACH
11;07.01.2022;4;Fisz Emade Tworzywo;ZA MAŁO CZASU
11;07.01.2022;5;Męskie Granie Orkiestra 2021;I CIEBIE TEŻ, BARDZO
11;07.01.2022;6;Kaśka Sochacka;CICHE DNI
11;07.01.2022;7;Daria Zawiałow;ŻÓŁTA TAKSÓWKA
11;07.01.2022;8;The New Years 2022 feat. Ørganek & Bela Komoszyńska;A JEDNAK CUD
11;07.01.2022;9;Krzysztof Zalewski;PTAKI (MTV UNPLUGGED)
11;07.01.2022;10;Bluszcz;LASY PRYWATNE
11;07.01.2022;11;Przyjaciele Pewnej Ryby 2021;KARP TO SKARB
11;07.01.2022;12;ZAZ;IMAGINE
11;07.01.2022;13;Daria Zawiałow;METROPOLIS
11;07.01.2022;14;Muchy;SZARORÓŻOWE
11;07.01.2022;15;Bitamina;NIECH NO TYLKO ZAKWITNĄ JABŁONIE
11;07.01.2022;16;Organek;FOTOGRAF BROK
11;07.01.2022;17;Krzysztof Zalewski;OCZKO W GŁOWIE
11;07.01.2022;18;Archive;SHOUTING WITHIN
11;07.01.2022;19;Ralph Kaminski;PO PROSTU BĄDŹ
11;07.01.2022;20;Artur Andrus & Monika Borzym;ZUPA NIC
11;07.01.2022;21;Jan Borysewicz & Piotr Fronczewski;NIE WIERZ NIGDY KOBIECIE
11;07.01.2022;22;Organek feat. Klaudia Szafrańska;IDZIEMY W MIASTO
11;07.01.2022;23;Sokół feat. Fasolki;JAK UROSNĘ
11;07.01.2022;24;Adele;EASY ON ME
11;07.01.2022;25;Riverside;STORY OF MY DREAM
11;07.01.2022;26;ABBA;DON'T SHUT ME DOWN
11;07.01.2022;27;Męskie Granie Orkiestra 2021;MAŁGOŚKA
11;07.01.2022;28;Artur Rojek;WSZYSTKO MI MÓWI, ŻE MNIE KTOŚ POKOCHAŁ
11;07.01.2022;29;Dave Gahan & Soulsavers;METAL HEART
11;07.01.2022;30;U2;YOUR SONG SAVED MY LIFE
11;07.01.2022;31;Billy Idol;BITTER TASTE
11;07.01.2022;32;Bovska;DZIKA
11;07.01.2022;33;Placebo;BEAUTIFUL JAMES
11;07.01.2022;34;Ralph Kaminski;PIĘĆ MINUT ŁEZ
11;07.01.2022;35;Sorry Boys;JADĘ DO DOMU
11;07.01.2022;36;Iron Maiden;THE WRITING ON THE WALL
11;07.01.2022;37;Elton John & Stevie Wonder;FINISH LINE
11;07.01.2022;38;Patrick The Pan;NIE CHCĘ PSA
11;07.01.2022;39;Jack White;TAKING ME BACK
11;07.01.2022;40;Marillion;BE HARD ON YOURSELF
11;07.01.2022;41;Eddie Vedder;LONG WAY
11;07.01.2022;42;Iron Maiden;DAYS OF FUTURE PAST
12;14.01.2022;1;Kaśka Sochacka;NIEBO BYŁO RÓŻOWE
12;14.01.2022;2;Fisz Emade Tworzywo;OK BOOMER!
12;14.01.2022;3;The New Years 2022 feat. Ørganek & Bela Komoszyńska;A JEDNAK CUD
12;14.01.2022;4;Grzegorz Turnau & Igor Herbut;ZUPA NA PLANTACH
12;14.01.2022;5;Męskie Granie Orkiestra 2021;I CIEBIE TEŻ, BARDZO
12;14.01.2022;6;Fisz Emade Tworzywo;ZA MAŁO CZASU
12;14.01.2022;7;Sokół feat. Fasolki;JAK UROSNĘ
12;14.01.2022;8;Kaśka Sochacka;CICHE DNI
12;14.01.2022;9;ZAZ;IMAGINE
12;14.01.2022;10;Krzysztof Zalewski;OCZKO W GŁOWIE
12;14.01.2022;11;Krzysztof Zalewski;PTAKI (MTV UNPLUGGED)
12;14.01.2022;12;Daria Zawiałow;ŻÓŁTA TAKSÓWKA
12;14.01.2022;13;Bluszcz;LASY PRYWATNE
12;14.01.2022;14;Archive;SHOUTING WITHIN
12;14.01.2022;15;Muchy;SZARORÓŻOWE
12;14.01.2022;16;Daria Zawiałow;METROPOLIS
12;14.01.2022;17;Riverside;STORY OF MY DREAM
12;14.01.2022;18;Bitamina;NIECH NO TYLKO ZAKWITNĄ JABŁONIE
12;14.01.2022;19;Ralph Kaminski;PO PROSTU BĄDŹ
12;14.01.2022;20;Organek;FOTOGRAF BROK
12;14.01.2022;21;Artur Andrus & Monika Borzym;ZUPA NIC
12;14.01.2022;22;Billy Idol;BITTER TASTE
12;14.01.2022;23;U2;YOUR SONG SAVED MY LIFE
12;14.01.2022;24;Przyjaciele Pewnej Ryby 2021;KARP TO SKARB
12;14.01.2022;25;Organek feat. Klaudia Szafrańska;IDZIEMY W MIASTO
12;14.01.2022;26;Adele;EASY ON ME
12;14.01.2022;27;Jan Borysewicz & Piotr Fronczewski;NIE WIERZ NIGDY KOBIECIE
12;14.01.2022;28;Placebo;BEAUTIFUL JAMES
12;14.01.2022;29;Ralph Kaminski;PIĘĆ MINUT ŁEZ
12;14.01.2022;30;Dave Gahan & Soulsavers;METAL HEART
12;14.01.2022;31;Bovska;DZIKA
12;14.01.2022;32;Patrick The Pan;NIE CHCĘ PSA
12;14.01.2022;33;Ewa Bem;"PODARUJ MI TROCHĘ SŁOŃCA (KONCERT ""LISTA JEST TYLKO JEDNA"")"
12;14.01.2022;34;ABBA;DON'T SHUT ME DOWN
12;14.01.2022;35;Męskie Granie Orkiestra 2021;MAŁGOŚKA
12;14.01.2022;36;Iron Maiden;THE WRITING ON THE WALL
12;14.01.2022;37;Jack White;TAKING ME BACK
12;14.01.2022;38;Artur Rojek;WSZYSTKO MI MÓWI, ŻE MNIE KTOŚ POKOCHAŁ
12;14.01.2022;39;Marillion;BE HARD ON YOURSELF
12;14.01.2022;40;Sorry Boys;JADĘ DO DOMU
12;14.01.2022;41;Iron Maiden;DAYS OF FUTURE PAST
12;14.01.2022;42;Elton John & Stevie Wonder;FINISH LINE
13;21.01.2022;1;Kaśka Sochacka;NIEBO BYŁO RÓŻOWE
13;21.01.2022;2;Fisz Emade Tworzywo;OK BOOMER!
13;21.01.2022;3;The New Years 2022 feat. Ørganek & Bela Komoszyńska;A JEDNAK CUD
13;21.01.2022;4;Grzegorz Turnau & Igor Herbut;ZUPA NA PLANTACH
13;21.01.2022;5;Sokół feat. Fasolki;JAK UROSNĘ
13;21.01.2022;6;ZAZ;IMAGINE
13;21.01.2022;7;Męskie Granie Orkiestra 2021;I CIEBIE TEŻ, BARDZO
13;21.01.2022;8;Fisz Emade Tworzywo;ZA MAŁO CZASU
13;21.01.2022;9;Krzysztof Zalewski;OCZKO W GŁOWIE
13;21.01.2022;10;Archive;SHOUTING WITHIN
13;21.01.2022;11;Bluszcz;LASY PRYWATNE
13;21.01.2022;12;Kaśka Sochacka;CICHE DNI
13;21.01.2022;13;Krzysztof Zalewski;PTAKI (MTV UNPLUGGED)
13;21.01.2022;14;Riverside;STORY OF MY DREAM
13;21.01.2022;15;Ralph Kaminski;PO PROSTU BĄDŹ
13;21.01.2022;16;Daria Zawiałow;ŻÓŁTA TAKSÓWKA
13;21.01.2022;17;Muchy;SZARORÓŻOWE
13;21.01.2022;18;Bitamina;NIECH NO TYLKO ZAKWITNĄ JABŁONIE
13;21.01.2022;19;Placebo;BEAUTIFUL JAMES
13;21.01.2022;20;Artur Andrus & Monika Borzym;ZUPA NIC
13;21.01.2022;21;Billy Idol;BITTER TASTE
13;21.01.2022;22;U2;YOUR SONG SAVED MY LIFE
13;21.01.2022;23;Daria Zawiałow;METROPOLIS
13;21.01.2022;24;Ralph Kaminski;PIĘĆ MINUT ŁEZ
13;21.01.2022;25;Organek;FOTOGRAF BROK
13;21.01.2022;26;Organek feat. Klaudia Szafrańska;IDZIEMY W MIASTO
13;21.01.2022;27;Ewa Bem;"PODARUJ MI TROCHĘ SŁOŃCA (KONCERT ""LISTA JEST TYLKO JEDNA"")"
13;21.01.2022;28;Adele;EASY ON ME
13;21.01.2022;29;Jan Borysewicz & Piotr Fronczewski;NIE WIERZ NIGDY KOBIECIE
13;21.01.2022;30;Bovska;DZIKA
13;21.01.2022;31;Dave Gahan & Soulsavers;METAL HEART
13;21.01.2022;32;Męskie Granie Orkiestra 2021;MAŁGOŚKA
13;21.01.2022;33;Iron Maiden;THE WRITING ON THE WALL
13;21.01.2022;34;Artur Rojek;WSZYSTKO MI MÓWI, ŻE MNIE KTOŚ POKOCHAŁ
13;21.01.2022;35;Patrick The Pan;NIE CHCĘ PSA
13;21.01.2022;36;Natalia Przybysz;ZEW
13;21.01.2022;37;Marillion;BE HARD ON YOURSELF
13;21.01.2022;38;ABBA;DON'T SHUT ME DOWN
13;21.01.2022;39;Sorry Boys;JADĘ DO DOMU
13;21.01.2022;40;Muse;WON'T STAND DOWN
13;21.01.2022;41;Iron Maiden;DAYS OF FUTURE PAST
13;21.01.2022;42;Elton John & Stevie Wonder;FINISH LINE
14;28.01.2022;1;Kaśka Sochacka;NIEBO BYŁO RÓŻOWE
14;28.01.2022;2;Fisz Emade Tworzywo;OK BOOMER!
14;28.01.2022;3;T.Love feat. Kasia Sienkiewicz;POCHODNIA
14;28.01.2022;4;Sokół feat. Fasolki;JAK UROSNĘ
14;28.01.2022;5;Grzegorz Turnau & Igor Herbut;ZUPA NA PLANTACH
14;28.01.2022;6;The New Years 2022 feat. Ørganek & Bela Komoszyńska;A JEDNAK CUD
14;28.01.2022;7;Krzysztof Zalewski;OCZKO W GŁOWIE
14;28.01.2022;8;ZAZ;IMAGINE
14;28.01.2022;9;Fisz Emade Tworzywo;ZA MAŁO CZASU
14;28.01.2022;10;Archive;SHOUTING WITHIN
14;28.01.2022;11;Męskie Granie Orkiestra 2021;I CIEBIE TEŻ, BARDZO
14;28.01.2022;12;Natalia Przybysz;ZEW
14;28.01.2022;13;Bluszcz;LASY PRYWATNE
14;28.01.2022;14;Riverside;STORY OF MY DREAM
14;28.01.2022;15;Voo Voo feat. Masha Natanson;ŁAJBA
14;28.01.2022;16;Kaśka Sochacka;CICHE DNI
14;28.01.2022;17;Ralph Kaminski;PO PROSTU BĄDŹ
14;28.01.2022;18;Krzysztof Zalewski;PTAKI (MTV UNPLUGGED)
14;28.01.2022;19;Muchy;SZARORÓŻOWE
14;28.01.2022;20;Placebo;BEAUTIFUL JAMES
14;28.01.2022;21;Daria Zawiałow;ŻÓŁTA TAKSÓWKA
14;28.01.2022;22;U2;YOUR SONG SAVED MY LIFE
14;28.01.2022;23;Ralph Kaminski;PIĘĆ MINUT ŁEZ
14;28.01.2022;24;Bitamina;NIECH NO TYLKO ZAKWITNĄ JABŁONIE
14;28.01.2022;25;Artur Andrus & Monika Borzym;ZUPA NIC
14;28.01.2022;26;Billy Idol;BITTER TASTE
14;28.01.2022;27;Bovska;DZIKA
14;28.01.2022;28;Organek;FOTOGRAF BROK
14;28.01.2022;29;Eddie Vedder;BROTHER THE CLOUD
14;28.01.2022;30;Ewa Bem;"PODARUJ MI TROCHĘ SŁOŃCA (KONCERT ""LISTA JEST TYLKO JEDNA"")"
14;28.01.2022;31;Daria Zawiałow;METROPOLIS
14;28.01.2022;32;Muse;WON'T STAND DOWN
14;28.01.2022;33;Organek feat. Klaudia Szafrańska;IDZIEMY W MIASTO
14;28.01.2022;34;Stromae;L'ENFER
14;28.01.2022;35;Dave Gahan & Soulsavers;METAL HEART
14;28.01.2022;36;Igo;HELENA
14;28.01.2022;37;Marillion;BE HARD ON YOURSELF
14;28.01.2022;38;Adele;EASY ON ME
14;28.01.2022;39;Sting feat. Ray Chen;WHAT COULD HAVE BEEN
14;28.01.2022;40;Paweł Domagała;DZIECI U DZIADKÓW
14;28.01.2022;41;Aurora;A DANGEROUS THING
14;28.01.2022;42;Jan Borysewicz & Piotr Fronczewski;NIE WIERZ NIGDY KOBIECIE
15;04.02.2022;1;Kaśka Sochacka;NIEBO BYŁO RÓŻOWE
15;04.02.2022;2;T.Love feat. Kasia Sienkiewicz;POCHODNIA
15;04.02.2022;3;Fisz Emade Tworzywo;OK BOOMER!
15;04.02.2022;4;Sokół feat. Fasolki;JAK UROSNĘ
15;04.02.2022;5;Grzegorz Turnau & Igor Herbut;ZUPA NA PLANTACH
15;04.02.2022;6;Krzysztof Zalewski;OCZKO W GŁOWIE
15;04.02.2022;7;Anieli feat. Nosowska;JAŚNIEJĄCA
15;04.02.2022;8;The New Years 2022 feat. Ørganek & Bela Komoszyńska;A JEDNAK CUD
15;04.02.2022;9;Natalia Przybysz;ZEW
15;04.02.2022;10;Voo Voo feat. Masha Natanson;ŁAJBA
15;04.02.2022;11;ZAZ;IMAGINE
15;04.02.2022;12;Męskie Granie Orkiestra 2021;I CIEBIE TEŻ, BARDZO
15;04.02.2022;13;Fisz Emade Tworzywo;ZA MAŁO CZASU
15;04.02.2022;14;Archive;SHOUTING WITHIN
15;04.02.2022;15;Riverside;STORY OF MY DREAM
15;04.02.2022;16;Eddie Vedder;BROTHER THE CLOUD
15;04.02.2022;17;Bluszcz;LASY PRYWATNE
15;04.02.2022;18;Kaśka Sochacka;CICHE DNI
15;04.02.2022;19;Muchy;SZARORÓŻOWE
15;04.02.2022;20;Ralph Kaminski;PO PROSTU BĄDŹ
15;04.02.2022;21;Krzysztof Zalewski;PTAKI (MTV UNPLUGGED)
15;04.02.2022;22;Stromae;L'ENFER
15;04.02.2022;23;Placebo;BEAUTIFUL JAMES
15;04.02.2022;24;Daria Zawiałow;ŻÓŁTA TAKSÓWKA
15;04.02.2022;25;Organek feat. Klaudia Szafrańska;IDZIEMY W MIASTO
15;04.02.2022;26;Artur Andrus & Monika Borzym;ZUPA NIC
15;04.02.2022;27;Billy Idol;BITTER TASTE
15;04.02.2022;28;Muse;WON'T STAND DOWN
15;04.02.2022;29;Bitamina;NIECH NO TYLKO ZAKWITNĄ JABŁONIE
15;04.02.2022;30;Ralph Kaminski;PIĘĆ MINUT ŁEZ
15;04.02.2022;31;Igo;HELENA
15;04.02.2022;32;Organek;FOTOGRAF BROK
15;04.02.2022;33;Ewa Bem;"PODARUJ MI TROCHĘ SŁOŃCA (KONCERT ""LISTA JEST TYLKO JEDNA"")"
15;04.02.2022;34;Bovska;DZIKA
15;04.02.2022;35;Daria Zawiałow;METROPOLIS
15;04.02.2022;36;Marillion;BE HARD ON YOURSELF
15;04.02.2022;37;Aurora;A DANGEROUS THING
15;04.02.2022;38;Sting feat. Ray Chen;WHAT COULD HAVE BEEN
15;04.02.2022;39;Archive;FEAR THERE & EVERYWHERE
15;04.02.2022;40;Paweł Domagała;DZIECI U DZIADKÓW
15;04.02.2022;41;Adele;OH MY GOD
15;04.02.2022;42;Michael Bublé;I'LL NEVER NOT LOVE YOU
16;11.02.2022;1;T.Love feat. Kasia Sienkiewicz;POCHODNIA
16;11.02.2022;2;Kaśka Sochacka;NIEBO BYŁO RÓŻOWE
16;11.02.2022;3;Fisz Emade Tworzywo;OK BOOMER!
16;11.02.2022;4;Anieli feat. Nosowska;JAŚNIEJĄCA
16;11.02.2022;5;Sokół feat. Fasolki;JAK UROSNĘ
16;11.02.2022;6;Grzegorz Turnau & Igor Herbut;ZUPA NA PLANTACH
16;11.02.2022;7;Krzysztof Zalewski;OCZKO W GŁOWIE
16;11.02.2022;8;Red Hot Chili Peppers;BLACK SUMMER
16;11.02.2022;9;Natalia Przybysz;ZEW
16;11.02.2022;10;Voo Voo feat. Masha Natanson;ŁAJBA
16;11.02.2022;11;Męskie Granie Orkiestra 2021;I CIEBIE TEŻ, BARDZO
16;11.02.2022;12;The New Years 2022 feat. Ørganek & Bela Komoszyńska;A JEDNAK CUD
16;11.02.2022;13;ZAZ;IMAGINE
16;11.02.2022;14;Fisz Emade Tworzywo;ZA MAŁO CZASU
16;11.02.2022;15;Archive;SHOUTING WITHIN
16;11.02.2022;16;Riverside;STORY OF MY DREAM
16;11.02.2022;17;Eddie Vedder;BROTHER THE CLOUD
16;11.02.2022;18;Stromae;L'ENFER
16;11.02.2022;19;Igo;HELENA
16;11.02.2022;20;Bluszcz;LASY PRYWATNE
16;11.02.2022;21;Muchy;SZARORÓŻOWE
16;11.02.2022;22;Placebo;BEAUTIFUL JAMES
16;11.02.2022;23;Kaśka Sochacka;CICHE DNI
16;11.02.2022;24;Ralph Kaminski;PO PROSTU BĄDŹ
16;11.02.2022;25;Muse;WON'T STAND DOWN
16;11.02.2022;26;Krzysztof Zalewski;PTAKI (MTV UNPLUGGED)
16;11.02.2022;27;Aurora;A DANGEROUS THING
16;11.02.2022;28;Marillion;BE HARD ON YOURSELF
16;11.02.2022;29;Billy Idol;BITTER TASTE
16;11.02.2022;30;Daria Zawiałow;ŻÓŁTA TAKSÓWKA
16;11.02.2022;31;Artur Andrus & Monika Borzym;ZUPA NIC
16;11.02.2022;32;Sting feat. Ray Chen;WHAT COULD HAVE BEEN
16;11.02.2022;33;Ralph Kaminski;PIĘĆ MINUT ŁEZ
16;11.02.2022;34;Organek feat. Klaudia Szafrańska;IDZIEMY W MIASTO
16;11.02.2022;35;Bitamina;NIECH NO TYLKO ZAKWITNĄ JABŁONIE
16;11.02.2022;36;Archive;FEAR THERE & EVERYWHERE
16;11.02.2022;37;Adele;OH MY GOD
16;11.02.2022;38;Żurkowski feat. Tomasz Organek;WESTERN
16;11.02.2022;39;Michael Bublé;I'LL NEVER NOT LOVE YOU
16;11.02.2022;40;Foo Fighters;LOVE DIES YOUNG
16;11.02.2022;41;Ladaco;JEZIORO ŁABĘDZIE
16;11.02.2022;42;Bokka;900
17;18.02.2022;1;Kaśka Sochacka;NIEBO BYŁO RÓŻOWE
17;18.02.2022;2;T.Love feat. Kasia Sienkiewicz;POCHODNIA
17;18.02.2022;3;Fisz Emade Tworzywo;OK BOOMER!
17;18.02.2022;4;Anieli feat. Nosowska;JAŚNIEJĄCA
17;18.02.2022;5;Sokół feat. Fasolki;JAK UROSNĘ
17;18.02.2022;6;Grzegorz Turnau & Igor Herbut;ZUPA NA PLANTACH
17;18.02.2022;7;Krzysztof Zalewski;OCZKO W GŁOWIE
17;18.02.2022;8;Red Hot Chili Peppers;BLACK SUMMER
17;18.02.2022;9;Męskie Granie Orkiestra 2021;I CIEBIE TEŻ, BARDZO
17;18.02.2022;10;Natalia Przybysz;ZEW
17;18.02.2022;11;Eddie Vedder;BROTHER THE CLOUD
17;18.02.2022;12;Voo Voo feat. Masha Natanson;ŁAJBA
17;18.02.2022;13;Igo;HELENA
17;18.02.2022;14;ZAZ;IMAGINE
17;18.02.2022;15;Archive;SHOUTING WITHIN
17;18.02.2022;16;The New Years 2022 feat. Ørganek & Bela Komoszyńska;A JEDNAK CUD
17;18.02.2022;17;Fisz Emade Tworzywo;ZA MAŁO CZASU
17;18.02.2022;18;Stromae;L'ENFER
17;18.02.2022;19;Riverside;STORY OF MY DREAM
17;18.02.2022;20;Bluszcz;LASY PRYWATNE
17;18.02.2022;21;Kaśka Sochacka;CICHE DNI
17;18.02.2022;22;Daria Zawiałow;ŻÓŁTA TAKSÓWKA
17;18.02.2022;23;Muchy;SZARORÓŻOWE
17;18.02.2022;24;Marillion;BE HARD ON YOURSELF
17;18.02.2022;25;Sting feat. Ray Chen;WHAT COULD HAVE BEEN
17;18.02.2022;26;Organek feat. Klaudia Szafrańska;IDZIEMY W MIASTO
17;18.02.2022;27;Ralph Kaminski;PO PROSTU BĄDŹ
17;18.02.2022;28;Billy Idol;BITTER TASTE
17;18.02.2022;29;Krzysztof Zalewski;PTAKI (MTV UNPLUGGED)
17;18.02.2022;30;Placebo;BEAUTIFUL JAMES
17;18.02.2022;31;Artur Andrus & Monika Borzym;ZUPA NIC
17;18.02.2022;32;Muse;WON'T STAND DOWN
17;18.02.2022;33;Aurora;A DANGEROUS THING
17;18.02.2022;34;Bitamina;NIECH NO TYLKO ZAKWITNĄ JABŁONIE
17;18.02.2022;35;Żurkowski feat. Tomasz Organek;WESTERN
17;18.02.2022;36;Fisz Emade Tworzywo;SPEKTRUM BARW
17;18.02.2022;37;Archive;FEAR THERE & EVERYWHERE
17;18.02.2022;38;Ladaco;JEZIORO ŁABĘDZIE
17;18.02.2022;39;Scorpions;SEVENTH SUN
17;18.02.2022;40;Czesław Mozil & Hania Rani;Z MIŁOŚCI
17;18.02.2022;41;Bokka;900
17;18.02.2022;42;Foo Fighters;LOVE DIES YOUNG
18;25.02.2022;1;Kaśka Sochacka;NIEBO BYŁO RÓŻOWE
18;25.02.2022;2;T.Love feat. Kasia Sienkiewicz;POCHODNIA
18;25.02.2022;3;Fisz Emade Tworzywo;OK BOOMER!
18;25.02.2022;4;Anieli feat. Nosowska;JAŚNIEJĄCA
18;25.02.2022;5;Grzegorz Turnau & Igor Herbut;ZUPA NA PLANTACH
18;25.02.2022;6;Sokół feat. Fasolki;JAK UROSNĘ
18;25.02.2022;7;Red Hot Chili Peppers;BLACK SUMMER
18;25.02.2022;8;Krzysztof Zalewski;OCZKO W GŁOWIE
18;25.02.2022;9;Męskie Granie Orkiestra 2021;I CIEBIE TEŻ, BARDZO
18;25.02.2022;10;Natalia Przybysz;ZEW
18;25.02.2022;11;Voo Voo feat. Masha Natanson;ŁAJBA
18;25.02.2022;12;ZAZ;IMAGINE
18;25.02.2022;13;Archive;SHOUTING WITHIN
18;25.02.2022;14;Eddie Vedder;BROTHER THE CLOUD
18;25.02.2022;15;Daria Zawiałow;ŻÓŁTA TAKSÓWKA
18;25.02.2022;16;Igo;HELENA
18;25.02.2022;17;Stromae;L'ENFER
18;25.02.2022;18;Kaśka Sochacka;CICHE DNI
18;25.02.2022;19;Riverside;STORY OF MY DREAM
18;25.02.2022;20;Sting feat. Ray Chen;WHAT COULD HAVE BEEN
18;25.02.2022;21;Bluszcz;LASY PRYWATNE
18;25.02.2022;22;Ralph Kaminski;PO PROSTU BĄDŹ
18;25.02.2022;23;Marillion;BE HARD ON YOURSELF
18;25.02.2022;24;Billy Idol;BITTER TASTE
18;25.02.2022;25;Fisz Emade Tworzywo;ZA MAŁO CZASU
18;25.02.2022;26;The New Years 2022 feat. Ørganek & Bela Komoszyńska;A JEDNAK CUD
18;25.02.2022;27;Muchy;SZARORÓŻOWE
18;25.02.2022;28;Organek feat. Klaudia Szafrańska;IDZIEMY W MIASTO
18;25.02.2022;29;Bokka;900
18;25.02.2022;30;Scorpions;SEVENTH SUN
18;25.02.2022;31;Aurora;A DANGEROUS THING
18;25.02.2022;32;Fisz Emade Tworzywo;SPEKTRUM BARW
18;25.02.2022;33;Czesław Mozil & Hania Rani;Z MIŁOŚCI
18;25.02.2022;34;Muse;WON'T STAND DOWN
18;25.02.2022;35;Artur Andrus & Monika Borzym;ZUPA NIC
18;25.02.2022;36;Archive;FEAR THERE & EVERYWHERE
18;25.02.2022;37;WaluśKraksaKryzys;TO CO MIĘDZY NAMI
18;25.02.2022;38;Ladaco;JEZIORO ŁABĘDZIE
18;25.02.2022;39;Foo Fighters;LOVE DIES YOUNG
18;25.02.2022;40;Röyksopp & Alison Goldfrapp;IMPOSSIBLE
18;25.02.2022;41;Michael Bublé;I'LL NEVER NOT LOVE YOU
18;25.02.2022;42;Hidden By Ivy;UNDER THE WAVES
19;04.03.2022;1;Kaśka Sochacka;NIEBO BYŁO RÓŻOWE
19;04.03.2022;2;Anieli feat. Nosowska;JAŚNIEJĄCA
19;04.03.2022;3;T.Love feat. Kasia Sienkiewicz;POCHODNIA
19;04.03.2022;4;Fisz Emade Tworzywo;OK BOOMER!
19;04.03.2022;5;Red Hot Chili Peppers;BLACK SUMMER
19;04.03.2022;6;Grzegorz Turnau & Igor Herbut;ZUPA NA PLANTACH
19;04.03.2022;7;Sokół feat. Fasolki;JAK UROSNĘ
19;04.03.2022;8;Krzysztof Zalewski;OCZKO W GŁOWIE
19;04.03.2022;9;Męskie Granie Orkiestra 2021;I CIEBIE TEŻ, BARDZO
19;04.03.2022;10;Sting feat. Ray Chen;WHAT COULD HAVE BEEN
19;04.03.2022;11;Archive;SHOUTING WITHIN
19;04.03.2022;12;Voo Voo feat. Masha Natanson;ŁAJBA
19;04.03.2022;13;Natalia Przybysz;ZEW
19;04.03.2022;14;Riverside;STORY OF MY DREAM
19;04.03.2022;15;Eddie Vedder;BROTHER THE CLOUD
19;04.03.2022;16;Marillion;BE HARD ON YOURSELF
19;04.03.2022;17;ZAZ;IMAGINE
19;04.03.2022;18;Scorpions;SEVENTH SUN
19;04.03.2022;19;Stromae;L'ENFER
19;04.03.2022;20;Igo;HELENA
19;04.03.2022;21;Bokka;900
19;04.03.2022;22;Daria Zawiałow;ŻÓŁTA TAKSÓWKA
19;04.03.2022;23;Bluszcz;LASY PRYWATNE
19;04.03.2022;24;Kaśka Sochacka;CICHE DNI
19;04.03.2022;25;Ralph Kaminski;PO PROSTU BĄDŹ
19;04.03.2022;26;Muchy;SZARORÓŻOWE
19;04.03.2022;27;Fisz Emade Tworzywo;ZA MAŁO CZASU
19;04.03.2022;28;Billy Idol;BITTER TASTE
19;04.03.2022;29;Organek feat. Klaudia Szafrańska;IDZIEMY W MIASTO
19;04.03.2022;30;Archive;FEAR THERE & EVERYWHERE
19;04.03.2022;31;Fisz Emade Tworzywo;SPEKTRUM BARW
19;04.03.2022;32;The New Years 2022 feat. Ørganek & Bela Komoszyńska;A JEDNAK CUD
19;04.03.2022;33;Muse;WON'T STAND DOWN
19;04.03.2022;34;Aurora;A DANGEROUS THING
19;04.03.2022;35;Artur Andrus & Monika Borzym;ZUPA NIC
19;04.03.2022;36;WaluśKraksaKryzys;TO CO MIĘDZY NAMI
19;04.03.2022;37;Placebo;TRY BETTER NEXT TIME
19;04.03.2022;38;Foo Fighters;LOVE DIES YOUNG
19;04.03.2022;39;Ladaco;JEZIORO ŁABĘDZIE
19;04.03.2022;40;Röyksopp & Alison Goldfrapp;IMPOSSIBLE
19;04.03.2022;41;Tears For Fears;BREAK THE MAN
19;04.03.2022;42;Hidden By Ivy;UNDER THE WAVES
2;05.11.2021;1;Fisz Emade Tworzywo;OK BOOMER!
2;05.11.2021;2;Fisz Emade Tworzywo;ZA MAŁO CZASU
2;05.11.2021;3;Męskie Granie Orkiestra 2021;I CIEBIE TEŻ, BARDZO
2;05.11.2021;4;Krzysztof Zalewski;PTAKI (MTV UNPLUGGED)
2;05.11.2021;5;Organek;FOTOGRAF BROK
2;05.11.2021;6;Kaśka Sochacka;CICHE DNI
2;05.11.2021;7;Daria Zawiałow;ŻÓŁTA TAKSÓWKA
2;05.11.2021;8;Organek feat. Klaudia Szafrańska;IDZIEMY W MIASTO
2;05.11.2021;9;Bitamina;NIECH NO TYLKO ZAKWITNĄ JABŁONIE
2;05.11.2021;10;Jan Borysewicz & Piotr Fronczewski;NIE WIERZ NIGDY KOBIECIE
2;05.11.2021;11;Adele;EASY ON ME
2;05.11.2021;12;Ralph Kaminski;PO PROSTU BĄDŹ
2;05.11.2021;13;Muchy;SZARORÓŻOWE
2;05.11.2021;14;ABBA;DON'T SHUT ME DOWN
2;05.11.2021;15;Artur Rojek;WSZYSTKO MI MÓWI, ŻE MNIE KTOŚ POKOCHAŁ
2;05.11.2021;16;Riverside;STORY OF MY DREAM
2;05.11.2021;17;Artur Andrus & Monika Borzym;ZUPA NIC
2;05.11.2021;18;Placebo;BEAUTIFUL JAMES
2;05.11.2021;19;Patrick The Pan;NIE CHCĘ PSA
2;05.11.2021;20;Billy Idol;BITTER TASTE
2;05.11.2021;21;Ewa Bem;WYRZEŹBIŁAM TWOJĄ TWARZ W POWIETRZU (LIVE)
2;05.11.2021;22;Sting;IF IT'S LOVE
2;05.11.2021;23;Ralph Kaminski;PIĘĆ MINUT ŁEZ
2;05.11.2021;24;Elton John & Stevie Wonder;FINISH LINE
2;05.11.2021;25;Bluszcz;ODRA
2;05.11.2021;26;Diana Ross;THANK YOU
2;05.11.2021;27;Eddie Vedder;LONG WAY
2;05.11.2021;28;Krzysztof Zalewski;WILK
2;05.11.2021;29;Strachy Na Lachy;ZACHMURZONY W TOBIE
2;05.11.2021;30;Iron Maiden;THE WRITING ON THE WALL
2;05.11.2021;31;Maria Peszek;LOVESONG
2;05.11.2021;32;Dave Gahan & Soulsavers;METAL HEART
2;05.11.2021;33;Michael Kiwanuka;BEAUTIFUL LIFE
2;05.11.2021;34;Iron Maiden;DAYS OF FUTURE PAST
2;05.11.2021;35;Blurred Pink;CZY TU JEST NASZ DOM?
2;05.11.2021;36;Sting;RUSHING WATER
2;05.11.2021;37;Tori Amos;SPIES
2;05.11.2021;38;Olivia Vedder, Eddie Vedder, Glen Hansard;MY FATHER'S DAUGHTER
2;05.11.2021;39;Tears For Fears;THE TIPPING POINT
2;05.11.2021;40;Skubas;DOBRA CZARODZIEJKA
2;05.11.2021;41;Eric Clapton;THIS HAS GOTTA STOP
2;05.11.2021;42;The Rolling Stones;LIVING IN THE HEART OF LOVE
20;11.03.2022;1;Kaśka Sochacka;NIEBO BYŁO RÓŻOWE
20;11.03.2022;2;Anieli feat. Nosowska;JAŚNIEJĄCA
20;11.03.2022;3;T.Love feat. Kasia Sienkiewicz;POCHODNIA
20;11.03.2022;4;Grzegorz Turnau & Igor Herbut;ZUPA NA PLANTACH
20;11.03.2022;5;Fisz Emade Tworzywo;OK BOOMER!
20;11.03.2022;6;Sokół feat. Fasolki;JAK UROSNĘ
20;11.03.2022;7;Red Hot Chili Peppers;BLACK SUMMER
20;11.03.2022;8;Krzysztof Zalewski;OCZKO W GŁOWIE
20;11.03.2022;9;Męskie Granie Orkiestra 2021;I CIEBIE TEŻ, BARDZO
20;11.03.2022;10;Sting feat. Ray Chen;WHAT COULD HAVE BEEN
20;11.03.2022;11;Natalia Przybysz;ZEW
20;11.03.2022;12;Voo Voo feat. Masha Natanson;ŁAJBA
20;11.03.2022;13;Marillion;BE HARD ON YOURSELF
20;11.03.2022;14;Riverside;STORY OF MY DREAM
20;11.03.2022;15;Stromae;L'ENFER
20;11.03.2022;16;Archive;SHOUTING WITHIN
20;11.03.2022;17;ZAZ;IMAGINE
20;11.03.2022;18;Eddie Vedder;BROTHER THE CLOUD
20;11.03.2022;19;Igo;HELENA
20;11.03.2022;20;Bokka;900
20;11.03.2022;21;Kaśka Sochacka;CICHE DNI
20;11.03.2022;22;Daria Zawiałow;ŻÓŁTA TAKSÓWKA
20;11.03.2022;23;Bluszcz;LASY PRYWATNE
20;11.03.2022;24;Ralph Kaminski;PO PROSTU BĄDŹ
20;11.03.2022;25;Fisz Emade Tworzywo;ZA MAŁO CZASU
20;11.03.2022;26;Placebo;TRY BETTER NEXT TIME
20;11.03.2022;27;Muchy;SZARORÓŻOWE
20;11.03.2022;28;The New Years 2022 feat. Ørganek & Bela Komoszyńska;A JEDNAK CUD
20;11.03.2022;29;Billy Idol;BITTER TASTE
20;11.03.2022;30;Scorpions;SEVENTH SUN
20;11.03.2022;31;Organek feat. Klaudia Szafrańska;IDZIEMY W MIASTO
20;11.03.2022;32;Archive;FEAR THERE & EVERYWHERE
20;11.03.2022;33;Fisz Emade Tworzywo;SPEKTRUM BARW
20;11.03.2022;34;Aurora;A DANGEROUS THING
20;11.03.2022;35;WaluśKraksaKryzys;TO CO MIĘDZY NAMI
20;11.03.2022;36;Tears For Fears;BREAK THE MAN
20;11.03.2022;37;Foo Fighters;LOVE DIES YOUNG
20;11.03.2022;38;Ladaco;JEZIORO ŁABĘDZIE
20;11.03.2022;39;Röyksopp & Alison Goldfrapp;IMPOSSIBLE
20;11.03.2022;40;Michael Bublé;I'LL NEVER NOT LOVE YOU
20;11.03.2022;41;Hidden By Ivy;UNDER THE WAVES
20;11.03.2022;42;Kae Tempest feat. Kevin Abstract;MORE PRESSURE
21;18.03.2022;1;Kaśka Sochacka;NIEBO BYŁO RÓŻOWE
21;18.03.2022;2;Anieli feat. Nosowska;JAŚNIEJĄCA
21;18.03.2022;3;Rammstein;ZEIT
21;18.03.2022;4;T.Love feat. Kasia Sienkiewicz;POCHODNIA
21;18.03.2022;5;Fisz Emade Tworzywo;OK BOOMER!
21;18.03.2022;6;Grzegorz Turnau & Igor Herbut;ZUPA NA PLANTACH
21;18.03.2022;7;Krzysztof Zalewski;OCZKO W GŁOWIE
21;18.03.2022;8;Sokół feat. Fasolki;JAK UROSNĘ
21;18.03.2022;9;Red Hot Chili Peppers;BLACK SUMMER
21;18.03.2022;10;Męskie Granie Orkiestra 2021;I CIEBIE TEŻ, BARDZO
21;18.03.2022;11;Natalia Przybysz;ZEW
21;18.03.2022;12;Florence And The Machine;KING
21;18.03.2022;13;Bokka;900
21;18.03.2022;14;Sting feat. Ray Chen;WHAT COULD HAVE BEEN
21;18.03.2022;15;Marillion;BE HARD ON YOURSELF
21;18.03.2022;16;Stromae;L'ENFER
21;18.03.2022;17;Voo Voo feat. Masha Natanson;ŁAJBA
21;18.03.2022;18;Riverside;STORY OF MY DREAM
21;18.03.2022;19;Igo;HELENA
21;18.03.2022;20;Archive;SHOUTING WITHIN
21;18.03.2022;21;Ralph Kaminski;PO PROSTU BĄDŹ
21;18.03.2022;22;Bluszcz;LASY PRYWATNE
21;18.03.2022;23;Placebo;TRY BETTER NEXT TIME
21;18.03.2022;24;Eddie Vedder;BROTHER THE CLOUD
21;18.03.2022;25;ZAZ;IMAGINE
21;18.03.2022;26;Fisz Emade Tworzywo;ZA MAŁO CZASU
21;18.03.2022;27;Daria Zawiałow;ŻÓŁTA TAKSÓWKA
21;18.03.2022;28;Kaśka Sochacka;CICHE DNI
21;18.03.2022;29;Muchy;SZARORÓŻOWE
21;18.03.2022;30;Organek feat. Klaudia Szafrańska;IDZIEMY W MIASTO
21;18.03.2022;31;Polskie Znaki feat. Vito Bambino;NIECH MONARCHOWIE
21;18.03.2022;32;Florence And The Machine;MY LOVE
21;18.03.2022;33;Aurora;A DANGEROUS THING
21;18.03.2022;34;Karaś/Rogucki;ZAPASOWY TLEN
21;18.03.2022;35;WaluśKraksaKryzys;TO CO MIĘDZY NAMI
21;18.03.2022;36;Michelle Gurevich;GOODBYE MY DICTATOR
21;18.03.2022;37;Ladaco;JEZIORO ŁABĘDZIE
21;18.03.2022;38;Foo Fighters;LOVE DIES YOUNG
21;18.03.2022;39;Joanna Pocica & Zbigniew Preisner;TRZYNASTU DZIELNYCH LUDZI
21;18.03.2022;40;Tears For Fears;BREAK THE MAN
21;18.03.2022;41;Hidden By Ivy;UNDER THE WAVES
21;18.03.2022;42;Röyksopp & Alison Goldfrapp;IMPOSSIBLE
22;25.03.2022;1;Rammstein;ZEIT
22;25.03.2022;2;Anieli feat. Nosowska;JAŚNIEJĄCA
22;25.03.2022;3;Kaśka Sochacka;NIEBO BYŁO RÓŻOWE
22;25.03.2022;4;Fisz Emade Tworzywo;OK BOOMER!
22;25.03.2022;5;T.Love feat. Kasia Sienkiewicz;POCHODNIA
22;25.03.2022;6;Grzegorz Turnau & Igor Herbut;ZUPA NA PLANTACH
22;25.03.2022;7;Krzysztof Zalewski;OCZKO W GŁOWIE
22;25.03.2022;8;Sokół feat. Fasolki;JAK UROSNĘ
22;25.03.2022;9;Florence And The Machine;KING
22;25.03.2022;10;Red Hot Chili Peppers;BLACK SUMMER
22;25.03.2022;11;Natalia Przybysz;ZEW
22;25.03.2022;12;Męskie Granie Orkiestra 2021;I CIEBIE TEŻ, BARDZO
22;25.03.2022;13;Bokka;900
22;25.03.2022;14;Polskie Znaki feat. Vito Bambino;NIECH MONARCHOWIE
22;25.03.2022;15;Igo;HELENA
22;25.03.2022;16;Stromae;L'ENFER
22;25.03.2022;17;Archive;SHOUTING WITHIN
22;25.03.2022;18;Bluszcz;LASY PRYWATNE
22;25.03.2022;19;Placebo;TRY BETTER NEXT TIME
22;25.03.2022;20;Riverside;STORY OF MY DREAM
22;25.03.2022;21;Marillion;BE HARD ON YOURSELF
22;25.03.2022;22;Voo Voo feat. Masha Natanson;ŁAJBA
22;25.03.2022;23;Florence And The Machine;MY LOVE
22;25.03.2022;24;Fisz Emade Tworzywo;ZA MAŁO CZASU
22;25.03.2022;25;Sting feat. Ray Chen;WHAT COULD HAVE BEEN
22;25.03.2022;26;Aurora;A DANGEROUS THING
22;25.03.2022;27;Daria Zawiałow;ŻÓŁTA TAKSÓWKA
22;25.03.2022;28;Kaśka Sochacka;CICHE DNI
22;25.03.2022;29;Ralph Kaminski;PO PROSTU BĄDŹ
22;25.03.2022;30;ZAZ;IMAGINE
22;25.03.2022;31;Muchy;SZARORÓŻOWE
22;25.03.2022;32;Eddie Vedder;BROTHER THE CLOUD
22;25.03.2022;33;Organek feat. Klaudia Szafrańska;IDZIEMY W MIASTO
22;25.03.2022;34;Karaś/Rogucki;ZAPASOWY TLEN
22;25.03.2022;35;WaluśKraksaKryzys;TO CO MIĘDZY NAMI
22;25.03.2022;36;Michelle Gurevich;GOODBYE MY DICTATOR
22;25.03.2022;37;Eddie Vedder;INVINCIBLE
22;25.03.2022;38;Muse;COMPLIANCE
22;25.03.2022;39;Ladaco;JEZIORO ŁABĘDZIE
22;25.03.2022;40;Foo Fighters;LOVE DIES YOUNG
22;25.03.2022;41;Joanna Pocica & Zbigniew Preisner;TRZYNASTU DZIELNYCH LUDZI
22;25.03.2022;42;Myslovitz;MIŁOŚĆ
23;01.04.2022;1;Rammstein;ZEIT
23;01.04.2022;2;Anieli feat. Nosowska;JAŚNIEJĄCA
23;01.04.2022;3;Kaśka Sochacka;NIEBO BYŁO RÓŻOWE
23;01.04.2022;4;Fisz Emade Tworzywo;OK BOOMER!
23;01.04.2022;5;T.Love feat. Kasia Sienkiewicz;POCHODNIA
23;01.04.2022;6;Grzegorz Turnau & Igor Herbut;ZUPA NA PLANTACH
23;01.04.2022;7;Polskie Znaki feat. Vito Bambino;NIECH MONARCHOWIE
23;01.04.2022;8;Florence And The Machine;KING
23;01.04.2022;9;Krzysztof Zalewski;OCZKO W GŁOWIE
23;01.04.2022;10;Męskie Granie Orkiestra 2021;I CIEBIE TEŻ, BARDZO
23;01.04.2022;11;Natalia Przybysz;ZEW
23;01.04.2022;12;Sokół feat. Fasolki;JAK UROSNĘ
23;01.04.2022;13;Bokka;900
23;01.04.2022;14;Michelle Gurevich;GOODBYE MY DICTATOR
23;01.04.2022;15;Igo;HELENA
23;01.04.2022;16;Red Hot Chili Peppers;BLACK SUMMER
23;01.04.2022;17;Placebo;TRY BETTER NEXT TIME
23;01.04.2022;18;Archive;SHOUTING WITHIN
23;01.04.2022;19;Bluszcz;LASY PRYWATNE
23;01.04.2022;20;Fisz Emade Tworzywo;ZA MAŁO CZASU
23;01.04.2022;21;Pablopavo i Ludziki;PROWADZIMY CZYNNOŚCI
23;01.04.2022;22;Florence And The Machine;MY LOVE
23;01.04.2022;23;Daria Zawiałow;ŻÓŁTA TAKSÓWKA
23;01.04.2022;24;Marillion;BE HARD ON YOURSELF
23;01.04.2022;25;Aurora;A DANGEROUS THING
23;01.04.2022;26;Kaśka Sochacka;CICHE DNI
23;01.04.2022;27;Stromae;L'ENFER
23;01.04.2022;28;Ralph Kaminski;PO PROSTU BĄDŹ
23;01.04.2022;29;Foo Fighters;LOVE DIES YOUNG
23;01.04.2022;30;Riverside;STORY OF MY DREAM
23;01.04.2022;31;Voo Voo feat. Masha Natanson;ŁAJBA
23;01.04.2022;32;Muchy;SZARORÓŻOWE
23;01.04.2022;33;Sting feat. Ray Chen;WHAT COULD HAVE BEEN
23;01.04.2022;34;Karaś/Rogucki;ZAPASOWY TLEN
23;01.04.2022;35;Organek feat. Klaudia Szafrańska;IDZIEMY W MIASTO
23;01.04.2022;36;Eddie Vedder;INVINCIBLE
23;01.04.2022;37;Muse;COMPLIANCE
23;01.04.2022;38;Ladaco;JEZIORO ŁABĘDZIE
23;01.04.2022;39;Myslovitz;MIŁOŚĆ
23;01.04.2022;40;Joanna Pocica & Zbigniew Preisner;TRZYNASTU DZIELNYCH LUDZI
23;01.04.2022;41;Red Hot Chili Peppers;NOT THE ONE
23;01.04.2022;42;Hidden By Ivy;UNDER THE WAVES
24;08.04.2022;1;Rammstein;ZEIT
24;08.04.2022;2;Kaśka Sochacka;NIEBO BYŁO RÓŻOWE
24;08.04.2022;3;Anieli feat. Nosowska;JAŚNIEJĄCA
24;08.04.2022;4;Fisz Emade Tworzywo;OK BOOMER!
24;08.04.2022;5;Polskie Znaki feat. Vito Bambino;NIECH MONARCHOWIE
24;08.04.2022;6;T.Love feat. Kasia Sienkiewicz;POCHODNIA
24;08.04.2022;7;Grzegorz Turnau & Igor Herbut;ZUPA NA PLANTACH
24;08.04.2022;8;Florence And The Machine;KING
24;08.04.2022;9;Krzysztof Zalewski;OCZKO W GŁOWIE
24;08.04.2022;10;Michelle Gurevich;GOODBYE MY DICTATOR
24;08.04.2022;11;Pablopavo i Ludziki;PROWADZIMY CZYNNOŚCI
24;08.04.2022;12;Męskie Granie Orkiestra 2021;I CIEBIE TEŻ, BARDZO
24;08.04.2022;13;Sokół feat. Fasolki;JAK UROSNĘ
24;08.04.2022;14;Sosnowski;PYŁ
24;08.04.2022;15;Natalia Przybysz;ZEW
24;08.04.2022;16;Red Hot Chili Peppers;BLACK SUMMER
24;08.04.2022;17;Bokka;900
24;08.04.2022;18;Placebo;TRY BETTER NEXT TIME
24;08.04.2022;19;Pink Floyd feat. Andriy Khlyvnyuk of Boombox;HEY HEY RISE UP
24;08.04.2022;20;Igo;HELENA
24;08.04.2022;21;Fisz Emade Tworzywo;ZA MAŁO CZASU
24;08.04.2022;22;Archive;SHOUTING WITHIN
24;08.04.2022;23;Bluszcz;LASY PRYWATNE
24;08.04.2022;24;Eddie Vedder;INVINCIBLE
24;08.04.2022;25;Daria Zawiałow;ŻÓŁTA TAKSÓWKA
24;08.04.2022;26;Kaśka Sochacka;CICHE DNI
24;08.04.2022;27;Marillion;BE HARD ON YOURSELF
24;08.04.2022;28;Muchy;SZARORÓŻOWE
24;08.04.2022;29;Voo Voo feat. Masha Natanson;ŁAJBA
24;08.04.2022;30;Florence And The Machine;MY LOVE
24;08.04.2022;31;Aurora;A DANGEROUS THING
24;08.04.2022;32;Riverside;STORY OF MY DREAM
24;08.04.2022;33;Organek feat. Klaudia Szafrańska;IDZIEMY W MIASTO
24;08.04.2022;34;Ralph Kaminski;PO PROSTU BĄDŹ
24;08.04.2022;35;Foo Fighters;LOVE DIES YOUNG
24;08.04.2022;36;Muse;COMPLIANCE
24;08.04.2022;37;Ladaco;JEZIORO ŁABĘDZIE
24;08.04.2022;38;Myslovitz;MIŁOŚĆ
24;08.04.2022;39;Harry Styles;AS IT WAS
24;08.04.2022;40;Red Hot Chili Peppers;NOT THE ONE
24;08.04.2022;41;Joanna Pocica & Zbigniew Preisner;TRZYNASTU DZIELNYCH LUDZI
24;08.04.2022;42;Hidden By Ivy;UNDER THE WAVES
25;18.04.2022;1;Pink Floyd feat. Andriy Khlyvnyuk of Boombox;HEY HEY RISE UP
25;18.04.2022;2;Sosnowski;PYŁ
25;18.04.2022;3;Rammstein;ZEIT
25;18.04.2022;4;Anieli feat. Nosowska;JAŚNIEJĄCA
25;18.04.2022;5;Fisz Emade Tworzywo;OK BOOMER!
25;18.04.2022;6;Polskie Znaki feat. Vito Bambino;NIECH MONARCHOWIE
25;18.04.2022;7;Kaśka Sochacka;NIEBO BYŁO RÓŻOWE
25;18.04.2022;8;Michelle Gurevich;GOODBYE MY DICTATOR
25;18.04.2022;9;Grzegorz Turnau & Igor Herbut;ZUPA NA PLANTACH
25;18.04.2022;10;T.Love feat. Kasia Sienkiewicz;POCHODNIA
25;18.04.2022;11;Florence And The Machine;KING
25;18.04.2022;12;Pablopavo i Ludziki;PROWADZIMY CZYNNOŚCI
25;18.04.2022;13;Męskie Granie Orkiestra 2021;I CIEBIE TEŻ, BARDZO
25;18.04.2022;14;Krzysztof Zalewski;OCZKO W GŁOWIE
25;18.04.2022;15;Kaśka Sochacka & Kortez;DLA MNIE TO JUŻ KONIEC
25;18.04.2022;16;Red Hot Chili Peppers;BLACK SUMMER
25;18.04.2022;17;Rammstein;ZICK ZACK
25;18.04.2022;18;Natalia Przybysz;ZEW
25;18.04.2022;19;Eddie Vedder;INVINCIBLE
25;18.04.2022;20;Sokół feat. Fasolki;JAK UROSNĘ
25;18.04.2022;21;Igo;HELENA
25;18.04.2022;22;Bokka;900
25;18.04.2022;23;Fisz Emade Tworzywo;ZA MAŁO CZASU
25;18.04.2022;24;Bluszcz;LASY PRYWATNE
25;18.04.2022;25;Placebo;TRY BETTER NEXT TIME
25;18.04.2022;26;Archive;SHOUTING WITHIN
25;18.04.2022;27;Sanah & Grzegorz Turnau;SEN WE ŚNIE
25;18.04.2022;28;Marillion;BE HARD ON YOURSELF
25;18.04.2022;29;Daria Zawiałow;ŻÓŁTA TAKSÓWKA
25;18.04.2022;30;Muchy;SZARORÓŻOWE
25;18.04.2022;31;Ralph Kaminski;PO PROSTU BĄDŹ
25;18.04.2022;32;Harry Styles;AS IT WAS
25;18.04.2022;33;Voo Voo feat. Masha Natanson;ŁAJBA
25;18.04.2022;34;Kaśka Sochacka;CICHE DNI
25;18.04.2022;35;Florence And The Machine;MY LOVE
25;18.04.2022;36;Muse;COMPLIANCE
25;18.04.2022;37;Ladaco;JEZIORO ŁABĘDZIE
25;18.04.2022;38;Sanah & Daria Zawiałow;ELDORADO
25;18.04.2022;39;Mick Jagger;STRANGE GAME
25;18.04.2022;40;Myslovitz;MIŁOŚĆ
25;18.04.2022;41;Joanna Pocica & Zbigniew Preisner;TRZYNASTU DZIELNYCH LUDZI
25;18.04.2022;42;Polskie Znaki feat. Mark Lanegan;OH ANGEL
26;22.04.2022;1;Pink Floyd feat. Andriy Khlyvnyuk of Boombox;HEY HEY RISE UP
26;22.04.2022;2;Sosnowski;PYŁ
26;22.04.2022;3;Rammstein;ZEIT
26;22.04.2022;4;Polskie Znaki feat. Vito Bambino;NIECH MONARCHOWIE
26;22.04.2022;5;Michelle Gurevich;GOODBYE MY DICTATOR
26;22.04.2022;6;Fisz Emade Tworzywo;OK BOOMER!
26;22.04.2022;7;Anieli feat. Nosowska;JAŚNIEJĄCA
26;22.04.2022;8;Kaśka Sochacka;NIEBO BYŁO RÓŻOWE
26;22.04.2022;9;Pablopavo i Ludziki;PROWADZIMY CZYNNOŚCI
26;22.04.2022;10;Florence And The Machine;KING
26;22.04.2022;11;Grzegorz Turnau & Igor Herbut;ZUPA NA PLANTACH
26;22.04.2022;12;T.Love feat. Kasia Sienkiewicz;POCHODNIA
26;22.04.2022;13;Kaśka Sochacka & Kortez;DLA MNIE TO JUŻ KONIEC
26;22.04.2022;14;Krzysztof Zalewski;OCZKO W GŁOWIE
26;22.04.2022;15;Męskie Granie Orkiestra 2021;I CIEBIE TEŻ, BARDZO
26;22.04.2022;16;Rammstein;ZICK ZACK
26;22.04.2022;17;Kwiat Jabłoni;KOMETA
26;22.04.2022;18;Natalia Przybysz;ZEW
26;22.04.2022;19;Eddie Vedder;INVINCIBLE
26;22.04.2022;20;Igo;HELENA
26;22.04.2022;21;Red Hot Chili Peppers;BLACK SUMMER
26;22.04.2022;22;Bokka;900
26;22.04.2022;23;Archive;SHOUTING WITHIN
26;22.04.2022;24;Sokół feat. Fasolki;JAK UROSNĘ
26;22.04.2022;25;Sanah & Grzegorz Turnau;SEN WE ŚNIE
26;22.04.2022;26;Placebo;TRY BETTER NEXT TIME
26;22.04.2022;27;Bluszcz;LASY PRYWATNE
26;22.04.2022;28;Fisz Emade Tworzywo;ZA MAŁO CZASU
26;22.04.2022;29;Marillion;BE HARD ON YOURSELF
26;22.04.2022;30;Daria Zawiałow;ŻÓŁTA TAKSÓWKA
26;22.04.2022;31;Florence And The Machine;MY LOVE
26;22.04.2022;32;Ralph Kaminski;PO PROSTU BĄDŹ
26;22.04.2022;33;Muse;COMPLIANCE
26;22.04.2022;34;Voo Voo feat. Masha Natanson;ŁAJBA
26;22.04.2022;35;Muchy;SZARORÓŻOWE
26;22.04.2022;36;Anieli;NIEMIŁOŚĆ
26;22.04.2022;37;T.Love;JA CIEBIE KOCHAM
26;22.04.2022;38;Mick Jagger;STRANGE GAME
26;22.04.2022;39;Igo;BRUDAS
26;22.04.2022;40;Sanah & Daria Zawiałow;ELDORADO
26;22.04.2022;41;Ladaco;JEZIORO ŁABĘDZIE
26;22.04.2022;42;Joanna Pocica & Zbigniew Preisner;TRZYNASTU DZIELNYCH LUDZI
27;29.04.2022;1;Pink Floyd feat. Andriy Khlyvnyuk of Boombox;HEY HEY RISE UP
27;29.04.2022;2;Sosnowski;PYŁ
27;29.04.2022;3;Kaśka Sochacka;NIEBO BYŁO RÓŻOWE
27;29.04.2022;4;Fisz Emade Tworzywo;OK BOOMER!
27;29.04.2022;5;Rammstein;ZEIT
27;29.04.2022;6;Anieli feat. Nosowska;JAŚNIEJĄCA
27;29.04.2022;7;Polskie Znaki feat. Vito Bambino;NIECH MONARCHOWIE
27;29.04.2022;8;Michelle Gurevich;GOODBYE MY DICTATOR
27;29.04.2022;9;Grzegorz Turnau & Igor Herbut;ZUPA NA PLANTACH
27;29.04.2022;10;Florence And The Machine;KING
27;29.04.2022;11;Pablopavo i Ludziki;PROWADZIMY CZYNNOŚCI
27;29.04.2022;12;T.Love feat. Kasia Sienkiewicz;POCHODNIA
27;29.04.2022;13;Męskie Granie Orkiestra 2021;I CIEBIE TEŻ, BARDZO
27;29.04.2022;14;Krzysztof Zalewski;OCZKO W GŁOWIE
27;29.04.2022;15;Kaśka Sochacka & Kortez;DLA MNIE TO JUŻ KONIEC
27;29.04.2022;16;Kwiat Jabłoni;KOMETA
27;29.04.2022;17;Archive;SHOUTING WITHIN
27;29.04.2022;18;Rammstein;ZICK ZACK
27;29.04.2022;19;Sanah & Grzegorz Turnau;SEN WE ŚNIE
27;29.04.2022;20;Sokół feat. Fasolki;JAK UROSNĘ
27;29.04.2022;21;Natalia Przybysz;ZEW
27;29.04.2022;22;Fisz Emade Tworzywo;ZA MAŁO CZASU
27;29.04.2022;23;Bluszcz;LASY PRYWATNE
27;29.04.2022;24;Red Hot Chili Peppers;BLACK SUMMER
27;29.04.2022;25;Daria Zawiałow;ŻÓŁTA TAKSÓWKA
27;29.04.2022;26;Bokka;900
27;29.04.2022;27;Eddie Vedder;INVINCIBLE
27;29.04.2022;28;Artist For Ukraine;MAMY SIEBIE - MUSIC AGAINST WAR
27;29.04.2022;29;Igo;HELENA
27;29.04.2022;30;Muchy;SZARORÓŻOWE
27;29.04.2022;31;Ralph Kaminski;PO PROSTU BĄDŹ
27;29.04.2022;32;Placebo;TRY BETTER NEXT TIME
27;29.04.2022;33;Sanah & Daria Zawiałow;ELDORADO
27;29.04.2022;34;Florence And The Machine;MY LOVE
27;29.04.2022;35;T.Love;JA CIEBIE KOCHAM
27;29.04.2022;36;Igo;BRUDAS
27;29.04.2022;37;Anieli;NIEMIŁOŚĆ
27;29.04.2022;38;Kirk Hammett;HIGH PLAINS DRIFTER
27;29.04.2022;39;Mick Jagger;STRANGE GAME
27;29.04.2022;40;Ladaco;JEZIORO ŁABĘDZIE
27;29.04.2022;41;Vito Bambino;POSZŁO
27;29.04.2022;42;Sheryl Crow;FOREVER
28;06.05.2022;1;Pink Floyd feat. Andriy Khlyvnyuk of Boombox;HEY HEY RISE UP
28;06.05.2022;2;Kaśka Sochacka;NIEBO BYŁO RÓŻOWE
28;06.05.2022;3;Sosnowski;PYŁ
28;06.05.2022;4;Fisz Emade Tworzywo;OK BOOMER!
28;06.05.2022;5;Rammstein;ZEIT
28;06.05.2022;6;Anieli feat. Nosowska;JAŚNIEJĄCA
28;06.05.2022;7;Męskie Granie Orkiestra 2021;I CIEBIE TEŻ, BARDZO
28;06.05.2022;8;Kwiat Jabłoni;KOMETA
28;06.05.2022;9;Grzegorz Turnau & Igor Herbut;ZUPA NA PLANTACH
28;06.05.2022;10;Polskie Znaki feat. Vito Bambino;NIECH MONARCHOWIE
28;06.05.2022;11;Florence And The Machine;KING
28;06.05.2022;12;Michelle Gurevich;GOODBYE MY DICTATOR
28;06.05.2022;13;T.Love feat. Kasia Sienkiewicz;POCHODNIA
28;06.05.2022;14;Kaśka Sochacka & Kortez;DLA MNIE TO JUŻ KONIEC
28;06.05.2022;15;Pablopavo i Ludziki;PROWADZIMY CZYNNOŚCI
28;06.05.2022;16;Krzysztof Zalewski;OCZKO W GŁOWIE
28;06.05.2022;17;Sanah & Grzegorz Turnau;SEN WE ŚNIE
28;06.05.2022;18;Rammstein;ZICK ZACK
28;06.05.2022;19;Archive;SHOUTING WITHIN
28;06.05.2022;20;Bluszcz;LASY PRYWATNE
28;06.05.2022;21;Natalia Przybysz;ZEW
28;06.05.2022;22;Muchy;SZARORÓŻOWE
28;06.05.2022;23;Sokół feat. Fasolki;JAK UROSNĘ
28;06.05.2022;24;Fisz Emade Tworzywo;ZA MAŁO CZASU
28;06.05.2022;25;Eddie Vedder;INVINCIBLE
28;06.05.2022;26;Ralph Kaminski;PO PROSTU BĄDŹ
28;06.05.2022;27;Red Hot Chili Peppers;BLACK SUMMER
28;06.05.2022;28;Sanah & Daria Zawiałow;ELDORADO
28;06.05.2022;29;Daria Zawiałow;ŻÓŁTA TAKSÓWKA
28;06.05.2022;30;Igo;BRUDAS
28;06.05.2022;31;Placebo;TRY BETTER NEXT TIME
28;06.05.2022;32;Igo;HELENA
28;06.05.2022;33;Bokka;900
28;06.05.2022;34;T.Love;JA CIEBIE KOCHAM
28;06.05.2022;35;Mick Jagger;STRANGE GAME
28;06.05.2022;36;Anieli;NIEMIŁOŚĆ
28;06.05.2022;37;Kirk Hammett;HIGH PLAINS DRIFTER
28;06.05.2022;38;Ladaco;JEZIORO ŁABĘDZIE
28;06.05.2022;39;Röyksopp feat. Susanne Sundfør;IF YOU WANT ME
28;06.05.2022;40;Architects;WHEN WE WERE YOUNG
28;06.05.2022;41;DJ BRK feat. Vito Bambino & Miętha;ROBIĘ CO MOGĘ
28;06.05.2022;42;Archive;WE ARE THE SAME
29;13.05.2022;1;Sosnowski;PYŁ
29;13.05.2022;2;Pink Floyd feat. Andriy Khlyvnyuk of Boombox;HEY HEY RISE UP
29;13.05.2022;3;Kaśka Sochacka;NIEBO BYŁO RÓŻOWE
29;13.05.2022;4;Fisz Emade Tworzywo;OK BOOMER!
29;13.05.2022;5;Rammstein;ZEIT
29;13.05.2022;6;Florence And The Machine;KING
29;13.05.2022;7;Anieli feat. Nosowska;JAŚNIEJĄCA
29;13.05.2022;8;Męskie Granie Orkiestra 2021;I CIEBIE TEŻ, BARDZO
29;13.05.2022;9;Kwiat Jabłoni;KOMETA
29;13.05.2022;10;Pablopavo i Ludziki;PROWADZIMY CZYNNOŚCI
29;13.05.2022;11;Grzegorz Turnau & Igor Herbut;ZUPA NA PLANTACH
29;13.05.2022;12;Michelle Gurevich;GOODBYE MY DICTATOR
29;13.05.2022;13;Franio Mucha;MIŚ MAMONA
29;13.05.2022;14;Polskie Znaki feat. Vito Bambino;NIECH MONARCHOWIE
29;13.05.2022;15;Kaśka Sochacka & Kortez;DLA MNIE TO JUŻ KONIEC
29;13.05.2022;16;Voo Voo & Hania Rani;BEZRUCH
29;13.05.2022;17;Sanah & Daria Zawiałow;ELDORADO
29;13.05.2022;18;T.Love feat. Kasia Sienkiewicz;POCHODNIA
29;13.05.2022;19;Sanah & Grzegorz Turnau;SEN WE ŚNIE
29;13.05.2022;20;Bluszcz;LASY PRYWATNE
29;13.05.2022;21;Archive;SHOUTING WITHIN
29;13.05.2022;22;Rammstein;ZICK ZACK
29;13.05.2022;23;Natalia Przybysz;ZEW
29;13.05.2022;24;Eddie Vedder;INVINCIBLE
29;13.05.2022;25;Krzysztof Zalewski;OCZKO W GŁOWIE
29;13.05.2022;26;Muchy;SZARORÓŻOWE
29;13.05.2022;27;Igo;BRUDAS
29;13.05.2022;28;Fisz Emade Tworzywo;ZA MAŁO CZASU
29;13.05.2022;29;Bokka;900
29;13.05.2022;30;Sokół feat. Fasolki;JAK UROSNĘ
29;13.05.2022;31;Igo;HELENA
29;13.05.2022;32;Red Hot Chili Peppers;BLACK SUMMER
29;13.05.2022;33;Daria Zawiałow;ŻÓŁTA TAKSÓWKA
29;13.05.2022;34;Mick Jagger;STRANGE GAME
29;13.05.2022;35;Ralph Kaminski;PO PROSTU BĄDŹ
29;13.05.2022;36;Anieli;NIEMIŁOŚĆ
29;13.05.2022;37;Kirk Hammett;HIGH PLAINS DRIFTER
29;13.05.2022;38;Ladaco;JEZIORO ŁABĘDZIE
29;13.05.2022;39;Dawid Tyszkowski;KOSZULKA
29;13.05.2022;40;Röyksopp feat. Susanne Sundfør;IF YOU WANT ME
29;13.05.2022;41;The Waterboys;ONCE WERE BROTHERS
29;13.05.2022;42;Archive;WE ARE THE SAME
3;12.11.2021;1;Fisz Emade Tworzywo;OK BOOMER!
3;12.11.2021;2;Fisz Emade Tworzywo;ZA MAŁO CZASU
3;12.11.2021;3;Męskie Granie Orkiestra 2021;I CIEBIE TEŻ, BARDZO
3;12.11.2021;4;Krzysztof Zalewski;PTAKI (MTV UNPLUGGED)
3;12.11.2021;5;Kaśka Sochacka;CICHE DNI
3;12.11.2021;6;Organek;FOTOGRAF BROK
3;12.11.2021;7;Daria Zawiałow;ŻÓŁTA TAKSÓWKA
3;12.11.2021;8;Bitamina;NIECH NO TYLKO ZAKWITNĄ JABŁONIE
3;12.11.2021;9;Organek feat. Klaudia Szafrańska;IDZIEMY W MIASTO
3;12.11.2021;10;Jan Borysewicz & Piotr Fronczewski;NIE WIERZ NIGDY KOBIECIE
3;12.11.2021;11;Ralph Kaminski;PO PROSTU BĄDŹ
3;12.11.2021;12;Muchy;SZARORÓŻOWE
3;12.11.2021;13;ABBA;DON'T SHUT ME DOWN
3;12.11.2021;14;Riverside;STORY OF MY DREAM
3;12.11.2021;15;Adele;EASY ON ME
3;12.11.2021;16;Artur Rojek;WSZYSTKO MI MÓWI, ŻE MNIE KTOŚ POKOCHAŁ
3;12.11.2021;17;Placebo;BEAUTIFUL JAMES
3;12.11.2021;18;Artur Andrus & Monika Borzym;ZUPA NIC
3;12.11.2021;19;Patrick The Pan;NIE CHCĘ PSA
3;12.11.2021;20;Billy Idol;BITTER TASTE
3;12.11.2021;21;Ralph Kaminski;PIĘĆ MINUT ŁEZ
3;12.11.2021;22;Ewa Bem;WYRZEŹBIŁAM TWOJĄ TWARZ W POWIETRZU (LIVE)
3;12.11.2021;23;U2;YOUR SONG SAVED MY LIFE
3;12.11.2021;24;Iron Maiden;THE WRITING ON THE WALL
3;12.11.2021;25;Elton John & Stevie Wonder;FINISH LINE
3;12.11.2021;26;Sting;IF IT'S LOVE
3;12.11.2021;27;Bluszcz;ODRA
3;12.11.2021;28;Eddie Vedder;LONG WAY
3;12.11.2021;29;Krzysztof Zalewski;WILK
3;12.11.2021;30;Maria Peszek;LOVESONG
3;12.11.2021;31;Strachy Na Lachy;ZACHMURZONY W TOBIE
3;12.11.2021;32;Iron Maiden;DAYS OF FUTURE PAST
3;12.11.2021;33;Dave Gahan & Soulsavers;METAL HEART
3;12.11.2021;34;Diana Ross;THANK YOU
3;12.11.2021;35;Michael Kiwanuka;BEAUTIFUL LIFE
3;12.11.2021;36;Organek;CAŁY TEN FEJM
3;12.11.2021;37;Skubas;DOBRA CZARODZIEJKA
3;12.11.2021;38;Olivia Vedder, Eddie Vedder, Glen Hansard;MY FATHER'S DAUGHTER
3;12.11.2021;39;Tori Amos;SPIES
3;12.11.2021;40;Tears For Fears;THE TIPPING POINT
3;12.11.2021;41;Blurred Pink;CZY TU JEST NASZ DOM?
3;12.11.2021;42;Sting;RUSHING WATER
30;20.05.2022;1;Sosnowski;PYŁ
30;20.05.2022;2;Fisz Emade Tworzywo;OK BOOMER!
30;20.05.2022;3;Kaśka Sochacka;NIEBO BYŁO RÓŻOWE
30;20.05.2022;4;Pink Floyd feat. Andriy Khlyvnyuk of Boombox;HEY HEY RISE UP
30;20.05.2022;5;Florence And The Machine;KING
30;20.05.2022;6;Rammstein;ZEIT
30;20.05.2022;7;Kwiat Jabłoni;KOMETA
30;20.05.2022;8;Anieli feat. Nosowska;JAŚNIEJĄCA
30;20.05.2022;9;Grzegorz Turnau & Igor Herbut;ZUPA NA PLANTACH
30;20.05.2022;10;Męskie Granie Orkiestra 2021;I CIEBIE TEŻ, BARDZO
30;20.05.2022;11;Michelle Gurevich;GOODBYE MY DICTATOR
30;20.05.2022;12;Pablopavo i Ludziki;PROWADZIMY CZYNNOŚCI
30;20.05.2022;13;Kaśka Sochacka & Kortez;DLA MNIE TO JUŻ KONIEC
30;20.05.2022;14;Kalush Orchestra;STEFANIA
30;20.05.2022;15;Sanah & Daria Zawiałow;ELDORADO
30;20.05.2022;16;T.Love feat. Kasia Sienkiewicz;POCHODNIA
30;20.05.2022;17;Sanah & Grzegorz Turnau;SEN WE ŚNIE
30;20.05.2022;18;Polskie Znaki feat. Vito Bambino;NIECH MONARCHOWIE
30;20.05.2022;19;Bluszcz;LASY PRYWATNE
30;20.05.2022;20;Franio Mucha;MIŚ MAMONA
30;20.05.2022;21;Krzysztof Zalewski;OCZKO W GŁOWIE
30;20.05.2022;22;Archive;SHOUTING WITHIN
30;20.05.2022;23;Eddie Vedder;INVINCIBLE
30;20.05.2022;24;Dawid Tyszkowski;KOSZULKA
30;20.05.2022;25;Igo;BRUDAS
30;20.05.2022;26;Rammstein;ZICK ZACK
30;20.05.2022;27;Stanisława Celińska;PRZYTUL
30;20.05.2022;28;Voo Voo & Hania Rani;BEZRUCH
30;20.05.2022;29;Igo;HELENA
30;20.05.2022;30;Bokka;900
30;20.05.2022;31;Anieli;NIEMIŁOŚĆ
30;20.05.2022;32;Daria Zawiałow;ŻÓŁTA TAKSÓWKA
30;20.05.2022;33;Fisz Emade Tworzywo;ZA MAŁO CZASU
30;20.05.2022;34;William Fitzsimmons;LOVE WILL TEAR US APART (GARAŻ 357)
30;20.05.2022;35;Mick Jagger;STRANGE GAME
30;20.05.2022;36;Kirk Hammett;HIGH PLAINS DRIFTER
30;20.05.2022;37;Ladaco;JEZIORO ŁABĘDZIE
30;20.05.2022;38;Natalia Przybysz i Skubas;SYRENA WŚRÓD FAL
30;20.05.2022;39;Röyksopp feat. Susanne Sundfør;IF YOU WANT ME
30;20.05.2022;40;MARO;SAUDADE, SAUDADE
30;20.05.2022;41;Mariusz Lubomski;ŚREDNIOWIECZNOŚĆ
30;20.05.2022;42;Administratorr Electro feat. Swiernalis;AMATORZY NOCNEJ CISZY
31;27.05.2022;1;Sosnowski;PYŁ
31;27.05.2022;2;Fisz Emade Tworzywo;OK BOOMER!
31;27.05.2022;3;Kaśka Sochacka;NIEBO BYŁO RÓŻOWE
31;27.05.2022;4;Florence And The Machine;KING
31;27.05.2022;5;Rammstein;ZEIT
31;27.05.2022;6;Kwiat Jabłoni;KOMETA
31;27.05.2022;7;Pink Floyd feat. Andriy Khlyvnyuk of Boombox;HEY HEY RISE UP
31;27.05.2022;8;Męskie Granie Orkiestra 2021;I CIEBIE TEŻ, BARDZO
31;27.05.2022;9;Anieli feat. Nosowska;JAŚNIEJĄCA
31;27.05.2022;10;Luxtorpeda;PRZYGOTUJ SIĘ NA NAJLEPSZE
31;27.05.2022;11;Grzegorz Turnau & Igor Herbut;ZUPA NA PLANTACH
31;27.05.2022;12;Dawid Tyszkowski;KOSZULKA
31;27.05.2022;13;Pablopavo i Ludziki;PROWADZIMY CZYNNOŚCI
31;27.05.2022;14;Kaśka Sochacka & Kortez;DLA MNIE TO JUŻ KONIEC
31;27.05.2022;15;T.Love feat. Kasia Sienkiewicz;POCHODNIA
31;27.05.2022;16;Michelle Gurevich;GOODBYE MY DICTATOR
31;27.05.2022;17;Sanah & Grzegorz Turnau;SEN WE ŚNIE
31;27.05.2022;18;Bluszcz;LASY PRYWATNE
31;27.05.2022;19;Ralph Kaminski;BAL U RAFAŁA
31;27.05.2022;20;Sanah & Daria Zawiałow;ELDORADO
31;27.05.2022;21;Igo;BRUDAS
31;27.05.2022;22;Polskie Znaki feat. Vito Bambino;NIECH MONARCHOWIE
31;27.05.2022;23;Krzysztof Zalewski;OCZKO W GŁOWIE
31;27.05.2022;24;Fisz Emade Tworzywo;ZA MAŁO CZASU
31;27.05.2022;25;Eddie Vedder;INVINCIBLE
31;27.05.2022;26;Classix Nouveaux;FIX YOUR EYES UP
31;27.05.2022;26;Harry Styles;LATE NIGHT TALKING
31;27.05.2022;27;Archive;SHOUTING WITHIN
31;27.05.2022;28;Anieli;NIEMIŁOŚĆ
31;27.05.2022;29;Franio Mucha;MIŚ MAMONA
31;27.05.2022;30;Rammstein;ZICK ZACK
31;27.05.2022;31;Bokka;900
31;27.05.2022;32;Daria Zawiałow;ŻÓŁTA TAKSÓWKA
31;27.05.2022;33;Igo;HELENA
31;27.05.2022;34;LemON;PTAKI
31;27.05.2022;35;Voo Voo & Hania Rani;BEZRUCH
31;27.05.2022;36;Röyksopp feat. Susanne Sundfør;IF YOU WANT ME
31;27.05.2022;37;Kirk Hammett;HIGH PLAINS DRIFTER
31;27.05.2022;38;Ladaco;JEZIORO ŁABĘDZIE
31;27.05.2022;39;Mariusz Lubomski;ŚREDNIOWIECZNOŚĆ
31;27.05.2022;40;Red Hot Chili Peppers;NOT THE ONE
31;27.05.2022;41;Blossoms;CINERAMA HOLY DAYS
31;27.05.2022;42;Jack Savoretti;YOU DON'T HAVE TO SAY YOU LOVE ME
32;03.06.2022;1;Męskie Granie Orkiestra 2022;JEST TYLKO TERAZ
32;03.06.2022;2;Fisz Emade Tworzywo;OK BOOMER!
32;03.06.2022;3;Sosnowski;PYŁ
32;03.06.2022;4;Kaśka Sochacka;NIEBO BYŁO RÓŻOWE
32;03.06.2022;5;Męskie Granie Orkiestra 2021;I CIEBIE TEŻ, BARDZO
32;03.06.2022;6;Florence And The Machine;KING
32;03.06.2022;7;Kwiat Jabłoni;KOMETA
32;03.06.2022;8;Rammstein;ZEIT
32;03.06.2022;9;Pink Floyd feat. Andriy Khlyvnyuk of Boombox;HEY HEY RISE UP
32;03.06.2022;10;Grzegorz Turnau & Igor Herbut;ZUPA NA PLANTACH
32;03.06.2022;11;Anieli feat. Nosowska;JAŚNIEJĄCA
32;03.06.2022;12;Dawid Tyszkowski;KOSZULKA
32;03.06.2022;13;T.Love feat. Kasia Sienkiewicz;POCHODNIA
32;03.06.2022;14;Pablopavo i Ludziki;PROWADZIMY CZYNNOŚCI
32;03.06.2022;15;Luxtorpeda;PRZYGOTUJ SIĘ NA NAJLEPSZE
32;03.06.2022;16;Kaśka Sochacka & Kortez;DLA MNIE TO JUŻ KONIEC
32;03.06.2022;17;Lady Gaga;HOLD MY HAND
32;03.06.2022;18;Sanah & Grzegorz Turnau;SEN WE ŚNIE
32;03.06.2022;19;Michelle Gurevich;GOODBYE MY DICTATOR
32;03.06.2022;20;Bluszcz;LASY PRYWATNE
32;03.06.2022;21;Igo;BRUDAS
32;03.06.2022;22;Eddie Vedder;INVINCIBLE
32;03.06.2022;23;Sanah & Daria Zawiałow;ELDORADO
32;03.06.2022;24;Fisz Emade Tworzywo;ZA MAŁO CZASU
32;03.06.2022;25;Krzysztof Zalewski;OCZKO W GŁOWIE
32;03.06.2022;26;Ralph Kaminski;BAL U RAFAŁA
32;03.06.2022;27;Polskie Znaki feat. Vito Bambino;NIECH MONARCHOWIE
32;03.06.2022;28;Archive;SHOUTING WITHIN
32;03.06.2022;29;Rammstein;ZICK ZACK
32;03.06.2022;30;Bokka;900
32;03.06.2022;31;Igo;HELENA
32;03.06.2022;32;Daria Zawiałow;ŻÓŁTA TAKSÓWKA
32;03.06.2022;33;Anieli;NIEMIŁOŚĆ
32;03.06.2022;34;Röyksopp feat. Susanne Sundfør;IF YOU WANT ME
32;03.06.2022;35;Classix Nouveaux;FIX YOUR EYES UP
32;03.06.2022;36;Mitch & Mitch con il loro Gruppo Etereofonico;ALLA SERENITA
32;03.06.2022;37;Robert Plant & Alison Krauss;SEARCHING FOR MY LOVE
32;03.06.2022;38;Diana Ross feat. Tame Impala;TURN UP THE SUNSHINE
32;03.06.2022;39;Kirk Hammett;HIGH PLAINS DRIFTER
32;03.06.2022;40;Porcupine Tree;HERD CULLING
32;03.06.2022;41;Mariusz Lubomski;ŚREDNIOWIECZNOŚĆ
32;03.06.2022;42;Jack Savoretti;YOU DON'T HAVE TO SAY YOU LOVE ME
33;10.06.2022;1;Fisz Emade Tworzywo;OK BOOMER!
33;10.06.2022;2;Kaśka Sochacka;NIEBO BYŁO RÓŻOWE
33;10.06.2022;3;Sosnowski;PYŁ
33;10.06.2022;4;Męskie Granie Orkiestra 2022;JEST TYLKO TERAZ
33;10.06.2022;5;Męskie Granie Orkiestra 2021;I CIEBIE TEŻ, BARDZO
33;10.06.2022;6;Florence And The Machine;KING
33;10.06.2022;7;Kwiat Jabłoni;KOMETA
33;10.06.2022;8;Rammstein;ZEIT
33;10.06.2022;9;Grzegorz Turnau & Igor Herbut;ZUPA NA PLANTACH
33;10.06.2022;10;Dawid Tyszkowski;KOSZULKA
33;10.06.2022;11;Anieli feat. Nosowska;JAŚNIEJĄCA
33;10.06.2022;12;Pink Floyd feat. Andriy Khlyvnyuk of Boombox;HEY HEY RISE UP
33;10.06.2022;13;T.Love feat. Kasia Sienkiewicz;POCHODNIA
33;10.06.2022;14;Kaśka Sochacka & Kortez;DLA MNIE TO JUŻ KONIEC
33;10.06.2022;15;Fisz Emade Tworzywo;ZA MAŁO CZASU
33;10.06.2022;16;Sanah & Grzegorz Turnau;SEN WE ŚNIE
33;10.06.2022;17;Archive;SHOUTING WITHIN
33;10.06.2022;18;Igo;BRUDAS
33;10.06.2022;19;Pablopavo i Ludziki;PROWADZIMY CZYNNOŚCI
33;10.06.2022;20;Bluszcz;LASY PRYWATNE
33;10.06.2022;21;Luxtorpeda;PRZYGOTUJ SIĘ NA NAJLEPSZE
33;10.06.2022;22;Sanah & Daria Zawiałow;ELDORADO
33;10.06.2022;23;Michelle Gurevich;GOODBYE MY DICTATOR
33;10.06.2022;24;Röyksopp feat. Susanne Sundfør;IF YOU WANT ME
33;10.06.2022;25;Eddie Vedder;INVINCIBLE
33;10.06.2022;26;Daria Zawiałow;ŻÓŁTA TAKSÓWKA
33;10.06.2022;27;Lady Gaga;HOLD MY HAND
33;10.06.2022;28;Krzysztof Zalewski;OCZKO W GŁOWIE
33;10.06.2022;29;Muchy feat. Zbigniew Krzywański;Nie tak
33;10.06.2022;30;Polskie Znaki feat. Vito Bambino;NIECH MONARCHOWIE
33;10.06.2022;31;Classix Nouveaux;FIX YOUR EYES UP
33;10.06.2022;32;Rammstein;ZICK ZACK
33;10.06.2022;33;Bokka;900
33;10.06.2022;34;Igo;HELENA
33;10.06.2022;35;Ralph Kaminski;Duchy
33;10.06.2022;36;Kirk Hammett;HIGH PLAINS DRIFTER
33;10.06.2022;37;Mariusz Lubomski;ŚREDNIOWIECZNOŚĆ
33;10.06.2022;38;Jack Savoretti;YOU DON'T HAVE TO SAY YOU LOVE ME
33;10.06.2022;39;Red Hot Chili Peppers;NOT THE ONE
33;10.06.2022;40;Porcupine Tree;HERD CULLING
33;10.06.2022;41;Julia Kamińska & Skubas;Żal mi
33;10.06.2022;42;Robert Plant & Alison Krauss;SEARCHING FOR MY LOVE
34;17.06.2022;1;Kate Bush;Running Up That Hill
34;17.06.2022;2;Fisz Emade Tworzywo;OK BOOMER!
34;17.06.2022;3;Sosnowski;PYŁ
34;17.06.2022;4;Męskie Granie Orkiestra 2022;JEST TYLKO TERAZ
34;17.06.2022;5;Dawid Tyszkowski;KOSZULKA
34;17.06.2022;6;Florence And The Machine;KING
34;17.06.2022;7;Kaśka Sochacka;NIEBO BYŁO RÓŻOWE
34;17.06.2022;8;Męskie Granie Orkiestra 2021;I CIEBIE TEŻ, BARDZO
34;17.06.2022;9;Kwiat Jabłoni;KOMETA
34;17.06.2022;10;Rammstein;ZEIT
34;17.06.2022;11;Anieli feat. Nosowska;JAŚNIEJĄCA
34;17.06.2022;12;Grzegorz Turnau & Igor Herbut;ZUPA NA PLANTACH
34;17.06.2022;13;Pink Floyd feat. Andriy Khlyvnyuk of Boombox;HEY HEY RISE UP
34;17.06.2022;14;Igo;BRUDAS
34;17.06.2022;15;Pablopavo i Ludziki;PROWADZIMY CZYNNOŚCI
34;17.06.2022;16;Sanah & Grzegorz Turnau;SEN WE ŚNIE
34;17.06.2022;17;Tears For Fears;My Demons
34;17.06.2022;18;Kaśka Sochacka & Kortez;DLA MNIE TO JUŻ KONIEC
34;17.06.2022;19;Bluszcz;LASY PRYWATNE
34;17.06.2022;20;T.Love feat. Kasia Sienkiewicz;POCHODNIA
34;17.06.2022;21;Fisz Emade Tworzywo;ZA MAŁO CZASU
34;17.06.2022;22;Luxtorpeda;PRZYGOTUJ SIĘ NA NAJLEPSZE
34;17.06.2022;23;Michelle Gurevich;GOODBYE MY DICTATOR
34;17.06.2022;24;Archive;SHOUTING WITHIN
34;17.06.2022;25;Sanah & Daria Zawiałow;ELDORADO
34;17.06.2022;26;Röyksopp feat. Susanne Sundfør;IF YOU WANT ME
34;17.06.2022;27;Eddie Vedder;INVINCIBLE
34;17.06.2022;28;Bokka;900
34;17.06.2022;29;Krzysztof Zalewski;OCZKO W GŁOWIE
34;17.06.2022;30;Harry Styles;Daydreaming
34;17.06.2022;31;Polskie Znaki feat. Vito Bambino;NIECH MONARCHOWIE
34;17.06.2022;32;Classix Nouveaux;FIX YOUR EYES UP
34;17.06.2022;33;Lady Gaga;HOLD MY HAND
34;17.06.2022;34;Daria Zawiałow;ŻÓŁTA TAKSÓWKA
34;17.06.2022;35;Rammstein;ZICK ZACK
34;17.06.2022;36;Kirk Hammett;HIGH PLAINS DRIFTER
34;17.06.2022;37;Mariusz Lubomski;ŚREDNIOWIECZNOŚĆ
34;17.06.2022;38;Administratorr Electro;Mroczne biznesy
34;17.06.2022;39;Jack Savoretti;YOU DON'T HAVE TO SAY YOU LOVE ME
34;17.06.2022;40;Editors;Karma Climb
34;17.06.2022;41;Porcupine Tree;HERD CULLING
34;17.06.2022;42;David Paich;Spirit Of The Moonrise
35;24.06.2022;1;Kate Bush;Running Up That Hill
35;24.06.2022;2;Dawid Tyszkowski;KOSZULKA
35;24.06.2022;3;Florence And The Machine;KING
35;24.06.2022;4;Fisz Emade Tworzywo;OK BOOMER!
35;24.06.2022;5;Kaśka Sochacka;NIEBO BYŁO RÓŻOWE
35;24.06.2022;6;Ørganek;Samoloty
35;24.06.2022;7;Sosnowski;PYŁ
35;24.06.2022;8;Męskie Granie Orkiestra 2022;JEST TYLKO TERAZ
35;24.06.2022;9;Męskie Granie Orkiestra 2021;I CIEBIE TEŻ, BARDZO
35;24.06.2022;10;Kwiat Jabłoni;KOMETA
35;24.06.2022;11;Anieli feat. Nosowska;JAŚNIEJĄCA
35;24.06.2022;12;Grzegorz Turnau & Igor Herbut;ZUPA NA PLANTACH
35;24.06.2022;13;Rammstein;ZEIT
35;24.06.2022;14;Igo;BRUDAS
35;24.06.2022;15;Bluszcz;LASY PRYWATNE
35;24.06.2022;16;Sanah & Grzegorz Turnau;SEN WE ŚNIE
35;24.06.2022;17;Pablopavo i Ludziki;PROWADZIMY CZYNNOŚCI
35;24.06.2022;18;Kaśka Sochacka & Kortez;DLA MNIE TO JUŻ KONIEC
35;24.06.2022;19;Pink Floyd feat. Andriy Khlyvnyuk of Boombox;HEY HEY RISE UP
35;24.06.2022;20;Archive;SHOUTING WITHIN
35;24.06.2022;21;Dawid Podsiadło;Post
35;24.06.2022;22;Sanah & Daria Zawiałow;ELDORADO
35;24.06.2022;23;Krzysztof Zalewski;OCZKO W GŁOWIE
35;24.06.2022;24;Muse;Will Of The People
35;24.06.2022;25;Michelle Gurevich;GOODBYE MY DICTATOR
35;24.06.2022;26;T.Love feat. Kasia Sienkiewicz;POCHODNIA
35;24.06.2022;27;Eddie Vedder;INVINCIBLE
35;24.06.2022;28;Luxtorpeda;PRZYGOTUJ SIĘ NA NAJLEPSZE
35;24.06.2022;29;Fisz Emade Tworzywo;ZA MAŁO CZASU
35;24.06.2022;30;Jeff Beck & Johnny Depp;This Is A Song For Miss Heady Lamarr
35;24.06.2022;31;Bokka;900
35;24.06.2022;32;Tears For Fears;My Demons
35;24.06.2022;33;Lady Gaga;HOLD MY HAND
35;24.06.2022;34;Classix Nouveaux;FIX YOUR EYES UP
35;24.06.2022;35;Röyksopp feat. Susanne Sundfør;IF YOU WANT ME
35;24.06.2022;36;Kirk Hammett;HIGH PLAINS DRIFTER
35;24.06.2022;37;Jack Savoretti;YOU DON'T HAVE TO SAY YOU LOVE ME
35;24.06.2022;38;Mariusz Lubomski;ŚREDNIOWIECZNOŚĆ
35;24.06.2022;39;Administratorr Electro;Mroczne biznesy
35;24.06.2022;40;Michał Pepol & Kora;KCKM
35;24.06.2022;41;Porcupine Tree;HERD CULLING
35;24.06.2022;42;Gibbs & Kiełas;PIĘKNY ŚWIAT
36;01.07.2022;1;Kate Bush;Running Up That Hill
36;01.07.2022;2;Dawid Podsiadło;Post
36;01.07.2022;3;Dawid Tyszkowski;KOSZULKA
36;01.07.2022;4;Fisz Emade Tworzywo;OK BOOMER!
36;01.07.2022;5;Florence And The Machine;KING
36;01.07.2022;6;Ørganek;Samoloty
36;01.07.2022;7;Męskie Granie Orkiestra 2021;I CIEBIE TEŻ, BARDZO
36;01.07.2022;8;Kaśka Sochacka;NIEBO BYŁO RÓŻOWE
36;01.07.2022;9;Męskie Granie Orkiestra 2022;JEST TYLKO TERAZ
36;01.07.2022;10;Sosnowski;PYŁ
36;01.07.2022;11;Quebonafide;Refren trochę jak Lana Del Rey
36;01.07.2022;12;Rammstein;ZEIT
36;01.07.2022;13;Kwiat Jabłoni;KOMETA
36;01.07.2022;14;Anieli feat. Nosowska;JAŚNIEJĄCA
36;01.07.2022;15;Igo;BRUDAS
36;01.07.2022;16;Sanah & Grzegorz Turnau;SEN WE ŚNIE
36;01.07.2022;17;Grzegorz Turnau & Igor Herbut;ZUPA NA PLANTACH
36;01.07.2022;18;Pablopavo i Ludziki;PROWADZIMY CZYNNOŚCI
36;01.07.2022;19;Sanah & Daria Zawiałow;ELDORADO
36;01.07.2022;20;Kaśka Sochacka & Kortez;DLA MNIE TO JUŻ KONIEC
36;01.07.2022;21;Pink Floyd feat. Andriy Khlyvnyuk of Boombox;HEY HEY RISE UP
36;01.07.2022;22;Fisz Emade Tworzywo;ZA MAŁO CZASU
36;01.07.2022;23;Bluszcz;LASY PRYWATNE
36;01.07.2022;24;Megadeth;We'll Be Back
36;01.07.2022;25;Luxtorpeda;PRZYGOTUJ SIĘ NA NAJLEPSZE
36;01.07.2022;26;Krzysztof Zalewski;OCZKO W GŁOWIE
36;01.07.2022;27;Eddie Vedder;INVINCIBLE
36;01.07.2022;28;Michelle Gurevich;GOODBYE MY DICTATOR
36;01.07.2022;29;Bokka;900
36;01.07.2022;30;T.Love feat. Kasia Sienkiewicz;POCHODNIA
36;01.07.2022;31;Archive;SHOUTING WITHIN
36;01.07.2022;32;Tears For Fears;My Demons
36;01.07.2022;33;Lady Gaga;HOLD MY HAND
36;01.07.2022;34;Classix Nouveaux;FIX YOUR EYES UP
36;01.07.2022;35;Maneskin;If I Can Dream
36;01.07.2022;36;Jack White;If I Die Tomorrow
36;01.07.2022;37;Jack Savoretti;YOU DON'T HAVE TO SAY YOU LOVE ME
36;01.07.2022;38;Kirk Hammett;HIGH PLAINS DRIFTER
36;01.07.2022;39;Max Richter, Elena Urioste & Chineke! Orchestra;Richter: Summer 3
36;01.07.2022;40;Mariusz Lubomski;ŚREDNIOWIECZNOŚĆ
36;01.07.2022;41;Administratorr Electro;Mroczne biznesy
36;01.07.2022;42;Porcupine Tree;HERD CULLING
37;08.07.2022;1;Kate Bush;Running Up That Hill
37;08.07.2022;2;Dawid Podsiadło;Post
37;08.07.2022;3;Dawid Tyszkowski;KOSZULKA
37;08.07.2022;4;Brodka;Sadza
37;08.07.2022;5;Fisz Emade Tworzywo;OK BOOMER!
37;08.07.2022;6;Ørganek;Samoloty
37;08.07.2022;7;Kaśka Sochacka;NIEBO BYŁO RÓŻOWE
37;08.07.2022;8;Florence And The Machine;KING
37;08.07.2022;9;Męskie Granie Orkiestra 2021;I CIEBIE TEŻ, BARDZO
37;08.07.2022;10;Sosnowski;PYŁ
37;08.07.2022;11;Męskie Granie Orkiestra 2022;JEST TYLKO TERAZ
37;08.07.2022;12;Quebonafide;Refren trochę jak Lana Del Rey
37;08.07.2022;13;Alan Parsons, David Pack, Joe Bonamassa, Mike Larson;I Won't Be Led Astray
37;08.07.2022;14;Rammstein;ZEIT
37;08.07.2022;15;Kwiat Jabłoni;KOMETA
37;08.07.2022;16;Beth Hart;Babe I'm Gonna Leave You
37;08.07.2022;17;Igo;BRUDAS
37;08.07.2022;18;Grzegorz Turnau & Igor Herbut;ZUPA NA PLANTACH
37;08.07.2022;19;Anieli feat. Nosowska;JAŚNIEJĄCA
37;08.07.2022;20;Sanah & Grzegorz Turnau;SEN WE ŚNIE
37;08.07.2022;21;Sanah & Daria Zawiałow;ELDORADO
37;08.07.2022;22;Tomek Lipiński;Chyba że chcesz
37;08.07.2022;23;Pablopavo i Ludziki;PROWADZIMY CZYNNOŚCI
37;08.07.2022;24;Bluszcz;LASY PRYWATNE
37;08.07.2022;25;Luxtorpeda;PRZYGOTUJ SIĘ NA NAJLEPSZE
37;08.07.2022;26;Krzysztof Zalewski;OCZKO W GŁOWIE
37;08.07.2022;27;Pink Floyd feat. Andriy Khlyvnyuk of Boombox;HEY HEY RISE UP
37;08.07.2022;28;Archive;SHOUTING WITHIN
37;08.07.2022;29;Megadeth;We'll Be Back
37;08.07.2022;30;Eddie Vedder;INVINCIBLE
37;08.07.2022;31;Kaśka Sochacka & Kortez;DLA MNIE TO JUŻ KONIEC
37;08.07.2022;32;Fisz Emade Tworzywo;ZA MAŁO CZASU
37;08.07.2022;33;Gorillaz feat. Thundercat;Cracker Island
37;08.07.2022;34;Lady Gaga;HOLD MY HAND
37;08.07.2022;35;Michelle Gurevich;GOODBYE MY DICTATOR
37;08.07.2022;36;Jack Savoretti;YOU DON'T HAVE TO SAY YOU LOVE ME
37;08.07.2022;37;Kirk Hammett;HIGH PLAINS DRIFTER
37;08.07.2022;38;Administratorr Electro;Mroczne biznesy
37;08.07.2022;39;Jack White;If I Die Tomorrow
37;08.07.2022;40;Mariusz Lubomski;ŚREDNIOWIECZNOŚĆ
37;08.07.2022;41;Porcupine Tree;HERD CULLING
37;08.07.2022;42;Max Richter, Elena Urioste & Chineke! Orchestra;Richter: Summer 3
4;19.11.2021;1;Fisz Emade Tworzywo;OK BOOMER!
4;19.11.2021;2;Fisz Emade Tworzywo;ZA MAŁO CZASU
4;19.11.2021;3;Męskie Granie Orkiestra 2021;I CIEBIE TEŻ, BARDZO
4;19.11.2021;4;Krzysztof Zalewski;PTAKI (MTV UNPLUGGED)
4;19.11.2021;5;Kaśka Sochacka;CICHE DNI
4;19.11.2021;6;Daria Zawiałow;ŻÓŁTA TAKSÓWKA
4;19.11.2021;7;Organek;FOTOGRAF BROK
4;19.11.2021;8;Bitamina;NIECH NO TYLKO ZAKWITNĄ JABŁONIE
4;19.11.2021;9;Organek feat. Klaudia Szafrańska;IDZIEMY W MIASTO
4;19.11.2021;10;Ralph Kaminski;PO PROSTU BĄDŹ
4;19.11.2021;11;Jan Borysewicz & Piotr Fronczewski;NIE WIERZ NIGDY KOBIECIE
4;19.11.2021;12;Muchy;SZARORÓŻOWE
4;19.11.2021;13;ABBA;DON'T SHUT ME DOWN
4;19.11.2021;14;Adele;EASY ON ME
4;19.11.2021;15;Riverside;STORY OF MY DREAM
4;19.11.2021;16;Artur Rojek;WSZYSTKO MI MÓWI, ŻE MNIE KTOŚ POKOCHAŁ
4;19.11.2021;17;Placebo;BEAUTIFUL JAMES
4;19.11.2021;18;U2;YOUR SONG SAVED MY LIFE
4;19.11.2021;19;Artur Andrus & Monika Borzym;ZUPA NIC
4;19.11.2021;20;Ralph Kaminski;PIĘĆ MINUT ŁEZ
4;19.11.2021;21;Patrick The Pan;NIE CHCĘ PSA
4;19.11.2021;22;Ewa Bem;WYRZEŹBIŁAM TWOJĄ TWARZ W POWIETRZU (LIVE)
4;19.11.2021;23;Billy Idol;BITTER TASTE
4;19.11.2021;24;Archive;SHOUTING WITHIN
4;19.11.2021;25;Iron Maiden;THE WRITING ON THE WALL
4;19.11.2021;26;Organek;CAŁY TEN FEJM
4;19.11.2021;27;Sting;IF IT'S LOVE
4;19.11.2021;28;Elton John & Stevie Wonder;FINISH LINE
4;19.11.2021;29;Dave Gahan & Soulsavers;METAL HEART
4;19.11.2021;30;Bluszcz;ODRA
4;19.11.2021;31;Iron Maiden;DAYS OF FUTURE PAST
4;19.11.2021;32;Eddie Vedder;LONG WAY
4;19.11.2021;33;Placebo;SURROUNDED BY SPIES
4;19.11.2021;34;Krzysztof Zalewski;WILK
4;19.11.2021;35;Strachy Na Lachy;ZACHMURZONY W TOBIE
4;19.11.2021;36;Diana Ross;THANK YOU
4;19.11.2021;37;Maria Peszek;LOVESONG
4;19.11.2021;38;Jack White;TAKING ME BACK
4;19.11.2021;39;Tori Amos;SPIES
4;19.11.2021;40;Michael Kiwanuka;BEAUTIFUL LIFE
4;19.11.2021;41;Blurred Pink;CZY TU JEST NASZ DOM?
4;19.11.2021;42;Bovska;DZIKA
5;26.11.2021;1;Fisz Emade Tworzywo;OK BOOMER!
5;26.11.2021;2;Fisz Emade Tworzywo;ZA MAŁO CZASU
5;26.11.2021;3;Krzysztof Zalewski;PTAKI (MTV UNPLUGGED)
5;26.11.2021;4;Kaśka Sochacka;CICHE DNI
5;26.11.2021;5;Męskie Granie Orkiestra 2021;I CIEBIE TEŻ, BARDZO
5;26.11.2021;6;Adele;EASY ON ME
5;26.11.2021;7;Daria Zawiałow;ŻÓŁTA TAKSÓWKA
5;26.11.2021;8;Organek;FOTOGRAF BROK
5;26.11.2021;9;Ralph Kaminski;PO PROSTU BĄDŹ
5;26.11.2021;10;Bitamina;NIECH NO TYLKO ZAKWITNĄ JABŁONIE
5;26.11.2021;11;Organek feat. Klaudia Szafrańska;IDZIEMY W MIASTO
5;26.11.2021;12;Muchy;SZARORÓŻOWE
5;26.11.2021;13;ABBA;DON'T SHUT ME DOWN
5;26.11.2021;14;Jan Borysewicz & Piotr Fronczewski;NIE WIERZ NIGDY KOBIECIE
5;26.11.2021;15;Artur Rojek;WSZYSTKO MI MÓWI, ŻE MNIE KTOŚ POKOCHAŁ
5;26.11.2021;16;Riverside;STORY OF MY DREAM
5;26.11.2021;17;Placebo;BEAUTIFUL JAMES
5;26.11.2021;18;U2;YOUR SONG SAVED MY LIFE
5;26.11.2021;19;Organek;CAŁY TEN FEJM
5;26.11.2021;20;Ralph Kaminski;PIĘĆ MINUT ŁEZ
5;26.11.2021;21;Archive;SHOUTING WITHIN
5;26.11.2021;22;Patrick The Pan;NIE CHCĘ PSA
5;26.11.2021;23;Artur Andrus & Monika Borzym;ZUPA NIC
5;26.11.2021;24;Ewa Bem;WYRZEŹBIŁAM TWOJĄ TWARZ W POWIETRZU (LIVE)
5;26.11.2021;25;Billy Idol;BITTER TASTE
5;26.11.2021;26;Bluszcz;ODRA
5;26.11.2021;27;Dave Gahan & Soulsavers;METAL HEART
5;26.11.2021;28;Iron Maiden;THE WRITING ON THE WALL
5;26.11.2021;29;Sting;IF IT'S LOVE
5;26.11.2021;30;Placebo;SURROUNDED BY SPIES
5;26.11.2021;31;Elton John & Stevie Wonder;FINISH LINE
5;26.11.2021;32;Bovska;DZIKA
5;26.11.2021;33;Iron Maiden;DAYS OF FUTURE PAST
5;26.11.2021;34;Eddie Vedder;LONG WAY
5;26.11.2021;35;Krzysztof Zalewski;WILK
5;26.11.2021;36;Marillion;BE HARD ON YOURSELF
5;26.11.2021;37;Strachy Na Lachy;ZACHMURZONY W TOBIE
5;26.11.2021;38;Muchy feat. Katarzyna Nosowska & Paweł Krawczyk;PSY MIŁOŚCI
5;26.11.2021;39;Jack White;TAKING ME BACK
5;26.11.2021;40;Diana Ross;THANK YOU
5;26.11.2021;41;Maria Peszek;LOVESONG
5;26.11.2021;42;Tori Amos;SPIES
6;03.12.2021;1;Fisz Emade Tworzywo;OK BOOMER!
6;03.12.2021;2;Fisz Emade Tworzywo;ZA MAŁO CZASU
6;03.12.2021;3;Kaśka Sochacka;NIEBO BYŁO RÓŻOWE
6;03.12.2021;4;Kaśka Sochacka;CICHE DNI
6;03.12.2021;5;Krzysztof Zalewski;PTAKI (MTV UNPLUGGED)
6;03.12.2021;6;Męskie Granie Orkiestra 2021;I CIEBIE TEŻ, BARDZO
6;03.12.2021;7;Daria Zawiałow;ŻÓŁTA TAKSÓWKA
6;03.12.2021;8;Adele;EASY ON ME
6;03.12.2021;9;Bitamina;NIECH NO TYLKO ZAKWITNĄ JABŁONIE
6;03.12.2021;10;Organek;FOTOGRAF BROK
6;03.12.2021;11;Grzegorz Turnau & Igor Herbut;ZUPA NA PLANTACH
6;03.12.2021;12;Muchy;SZARORÓŻOWE
6;03.12.2021;13;ABBA;DON'T SHUT ME DOWN
6;03.12.2021;14;Jan Borysewicz & Piotr Fronczewski;NIE WIERZ NIGDY KOBIECIE
6;03.12.2021;15;Ralph Kaminski;PO PROSTU BĄDŹ
6;03.12.2021;16;Artur Rojek;WSZYSTKO MI MÓWI, ŻE MNIE KTOŚ POKOCHAŁ
6;03.12.2021;17;Placebo;BEAUTIFUL JAMES
6;03.12.2021;18;Organek feat. Klaudia Szafrańska;IDZIEMY W MIASTO
6;03.12.2021;19;Daria Zawiałow;METROPOLIS
6;03.12.2021;20;Riverside;STORY OF MY DREAM
6;03.12.2021;21;Artur Andrus & Monika Borzym;ZUPA NIC
6;03.12.2021;22;Bovska;DZIKA
6;03.12.2021;23;Billy Idol;BITTER TASTE
6;03.12.2021;24;Archive;SHOUTING WITHIN
6;03.12.2021;25;Ralph Kaminski;PIĘĆ MINUT ŁEZ
6;03.12.2021;26;Dave Gahan & Soulsavers;METAL HEART
6;03.12.2021;27;Bluszcz;ODRA
6;03.12.2021;28;U2;YOUR SONG SAVED MY LIFE
6;03.12.2021;29;Elton John & Stevie Wonder;FINISH LINE
6;03.12.2021;30;Iron Maiden;THE WRITING ON THE WALL
6;03.12.2021;31;Organek;CAŁY TEN FEJM
6;03.12.2021;32;Eddie Vedder;LONG WAY
6;03.12.2021;33;Patrick The Pan;NIE CHCĘ PSA
6;03.12.2021;34;Iron Maiden;DAYS OF FUTURE PAST
6;03.12.2021;35;Jack White;TAKING ME BACK
6;03.12.2021;36;Placebo;SURROUNDED BY SPIES
6;03.12.2021;37;Blurred Pink;CZY TU JEST NASZ DOM?
6;03.12.2021;38;Diana Ross;THANK YOU
6;03.12.2021;39;Ewa Bem;WYRZEŹBIŁAM TWOJĄ TWARZ W POWIETRZU (LIVE)
6;03.12.2021;40;Sting;IF IT'S LOVE
6;03.12.2021;41;Muchy feat. Katarzyna Nosowska & Paweł Krawczyk;PSY MIŁOŚCI
6;03.12.2021;42;Marillion;BE HARD ON YOURSELF
7;10.12.2021;1;Przyjaciele Pewnej Ryby 2021;KARP TO SKARB
7;10.12.2021;2;Kaśka Sochacka;NIEBO BYŁO RÓŻOWE
7;10.12.2021;3;Fisz Emade Tworzywo;OK BOOMER!
7;10.12.2021;4;Fisz Emade Tworzywo;ZA MAŁO CZASU
7;10.12.2021;5;Męskie Granie Orkiestra 2021;I CIEBIE TEŻ, BARDZO
7;10.12.2021;6;Kaśka Sochacka;CICHE DNI
7;10.12.2021;7;Krzysztof Zalewski;PTAKI (MTV UNPLUGGED)
7;10.12.2021;8;Grzegorz Turnau & Igor Herbut;ZUPA NA PLANTACH
7;10.12.2021;9;Daria Zawiałow;ŻÓŁTA TAKSÓWKA
7;10.12.2021;10;Adele;EASY ON ME
7;10.12.2021;11;Bitamina;NIECH NO TYLKO ZAKWITNĄ JABŁONIE
7;10.12.2021;12;ABBA;DON'T SHUT ME DOWN
7;10.12.2021;13;Organek;FOTOGRAF BROK
7;10.12.2021;14;Ralph Kaminski;PO PROSTU BĄDŹ
7;10.12.2021;15;Muchy;SZARORÓŻOWE
7;10.12.2021;16;Jan Borysewicz & Piotr Fronczewski;NIE WIERZ NIGDY KOBIECIE
7;10.12.2021;17;Daria Zawiałow;METROPOLIS
7;10.12.2021;18;Bluszcz;LASY PRYWATNE
7;10.12.2021;19;Artur Rojek;WSZYSTKO MI MÓWI, ŻE MNIE KTOŚ POKOCHAŁ
7;10.12.2021;20;Placebo;BEAUTIFUL JAMES
7;10.12.2021;21;Artur Andrus & Monika Borzym;ZUPA NIC
7;10.12.2021;22;Organek feat. Klaudia Szafrańska;IDZIEMY W MIASTO
7;10.12.2021;23;ZAZ;IMAGINE
7;10.12.2021;24;Bovska;DZIKA
7;10.12.2021;25;Billy Idol;BITTER TASTE
7;10.12.2021;26;Riverside;STORY OF MY DREAM
7;10.12.2021;27;Ralph Kaminski;PIĘĆ MINUT ŁEZ
7;10.12.2021;28;Dave Gahan & Soulsavers;METAL HEART
7;10.12.2021;29;Elton John & Stevie Wonder;FINISH LINE
7;10.12.2021;30;U2;YOUR SONG SAVED MY LIFE
7;10.12.2021;31;Archive;SHOUTING WITHIN
7;10.12.2021;32;Eddie Vedder;LONG WAY
7;10.12.2021;33;Iron Maiden;THE WRITING ON THE WALL
7;10.12.2021;34;Organek;CAŁY TEN FEJM
7;10.12.2021;35;Patrick The Pan;NIE CHCĘ PSA
7;10.12.2021;36;Diana Ross;THANK YOU
7;10.12.2021;37;Iron Maiden;DAYS OF FUTURE PAST
7;10.12.2021;38;Jack White;TAKING ME BACK
7;10.12.2021;39;Blurred Pink;CZY TU JEST NASZ DOM?
7;10.12.2021;40;Placebo;SURROUNDED BY SPIES
7;10.12.2021;41;Marillion;BE HARD ON YOURSELF
7;10.12.2021;42;Sting;IF IT'S LOVE
8;17.12.2021;1;Kaśka Sochacka;NIEBO BYŁO RÓŻOWE
8;17.12.2021;2;Przyjaciele Pewnej Ryby 2021;KARP TO SKARB
8;17.12.2021;3;Fisz Emade Tworzywo;OK BOOMER!
8;17.12.2021;4;Męskie Granie Orkiestra 2021;I CIEBIE TEŻ, BARDZO
8;17.12.2021;5;Fisz Emade Tworzywo;ZA MAŁO CZASU
8;17.12.2021;6;Grzegorz Turnau & Igor Herbut;ZUPA NA PLANTACH
8;17.12.2021;7;Kaśka Sochacka;CICHE DNI
8;17.12.2021;8;Krzysztof Zalewski;PTAKI (MTV UNPLUGGED)
8;17.12.2021;9;Daria Zawiałow;ŻÓŁTA TAKSÓWKA
8;17.12.2021;10;Adele;EASY ON ME
8;17.12.2021;11;Bitamina;NIECH NO TYLKO ZAKWITNĄ JABŁONIE
8;17.12.2021;12;Bluszcz;LASY PRYWATNE
8;17.12.2021;13;ABBA;DON'T SHUT ME DOWN
8;17.12.2021;14;Muchy;SZARORÓŻOWE
8;17.12.2021;15;Daria Zawiałow;METROPOLIS
8;17.12.2021;16;ZAZ;IMAGINE
8;17.12.2021;17;Organek;FOTOGRAF BROK
8;17.12.2021;18;Ralph Kaminski;PO PROSTU BĄDŹ
8;17.12.2021;19;Artur Andrus & Monika Borzym;ZUPA NIC
8;17.12.2021;20;Jan Borysewicz & Piotr Fronczewski;NIE WIERZ NIGDY KOBIECIE
8;17.12.2021;21;Placebo;BEAUTIFUL JAMES
8;17.12.2021;22;Organek feat. Klaudia Szafrańska;IDZIEMY W MIASTO
8;17.12.2021;23;Artur Rojek;WSZYSTKO MI MÓWI, ŻE MNIE KTOŚ POKOCHAŁ
8;17.12.2021;24;Riverside;STORY OF MY DREAM
8;17.12.2021;25;Bovska;DZIKA
8;17.12.2021;26;Billy Idol;BITTER TASTE
8;17.12.2021;27;Ralph Kaminski;PIĘĆ MINUT ŁEZ
8;17.12.2021;28;Męskie Granie Orkiestra 2021;MAŁGOŚKA
8;17.12.2021;29;Archive;SHOUTING WITHIN
8;17.12.2021;30;Elton John & Stevie Wonder;FINISH LINE
8;17.12.2021;31;Dave Gahan & Soulsavers;METAL HEART
8;17.12.2021;32;U2;YOUR SONG SAVED MY LIFE
8;17.12.2021;33;Patrick The Pan;NIE CHCĘ PSA
8;17.12.2021;34;Iron Maiden;THE WRITING ON THE WALL
8;17.12.2021;35;Organek;CAŁY TEN FEJM
8;17.12.2021;36;Eddie Vedder;LONG WAY
8;17.12.2021;37;Diana Ross;THANK YOU
8;17.12.2021;38;Jack White;TAKING ME BACK
8;17.12.2021;39;Sokół feat. Fasolki;JAK UROSNĘ
8;17.12.2021;40;Blurred Pink;CZY TU JEST NASZ DOM?
8;17.12.2021;41;Sting;IF IT'S LOVE
8;17.12.2021;42;Marillion;BE HARD ON YOURSELF
9;26.12.2021;1;Kaśka Sochacka;NIEBO BYŁO RÓŻOWE
9;26.12.2021;2;Przyjaciele Pewnej Ryby 2021;KARP TO SKARB
9;26.12.2021;3;Fisz Emade Tworzywo;OK BOOMER!
9;26.12.2021;4;Męskie Granie Orkiestra 2021;I CIEBIE TEŻ, BARDZO
9;26.12.2021;5;Grzegorz Turnau & Igor Herbut;ZUPA NA PLANTACH
9;26.12.2021;6;Fisz Emade Tworzywo;ZA MAŁO CZASU
9;26.12.2021;7;Kaśka Sochacka;CICHE DNI
9;26.12.2021;8;Krzysztof Zalewski;PTAKI (MTV UNPLUGGED)
9;26.12.2021;9;Daria Zawiałow;ŻÓŁTA TAKSÓWKA
9;26.12.2021;10;Bluszcz;LASY PRYWATNE
9;26.12.2021;11;Bitamina;NIECH NO TYLKO ZAKWITNĄ JABŁONIE
9;26.12.2021;12;Daria Zawiałow;METROPOLIS
9;26.12.2021;13;Adele;EASY ON ME
9;26.12.2021;14;ZAZ;IMAGINE
9;26.12.2021;15;Muchy;SZARORÓŻOWE
9;26.12.2021;16;Organek;FOTOGRAF BROK
9;26.12.2021;17;Jan Borysewicz & Piotr Fronczewski;NIE WIERZ NIGDY KOBIECIE
9;26.12.2021;18;Ralph Kaminski;PO PROSTU BĄDŹ
9;26.12.2021;19;ABBA;DON'T SHUT ME DOWN
9;26.12.2021;20;Artur Andrus & Monika Borzym;ZUPA NIC
9;26.12.2021;21;Męskie Granie Orkiestra 2021;MAŁGOŚKA
9;26.12.2021;22;Organek feat. Klaudia Szafrańska;IDZIEMY W MIASTO
9;26.12.2021;23;Billy Idol;BITTER TASTE
9;26.12.2021;24;Riverside;STORY OF MY DREAM
9;26.12.2021;25;Sokół feat. Fasolki;JAK UROSNĘ
9;26.12.2021;26;Artur Rojek;WSZYSTKO MI MÓWI, ŻE MNIE KTOŚ POKOCHAŁ
9;26.12.2021;27;Ralph Kaminski;PIĘĆ MINUT ŁEZ
9;26.12.2021;28;Placebo;BEAUTIFUL JAMES
9;26.12.2021;29;Bovska;DZIKA
9;26.12.2021;30;Archive;SHOUTING WITHIN
9;26.12.2021;31;Ed Sheeran & Elton John;MERRY CHRISTMAS
9;26.12.2021;32;Dave Gahan & Soulsavers;METAL HEART
9;26.12.2021;33;Patrick The Pan;NIE CHCĘ PSA
9;26.12.2021;34;Elton John & Stevie Wonder;FINISH LINE
9;26.12.2021;35;Iron Maiden;THE WRITING ON THE WALL
9;26.12.2021;36;Organek;CAŁY TEN FEJM
9;26.12.2021;37;U2;YOUR SONG SAVED MY LIFE
9;26.12.2021;38;Marillion;BE HARD ON YOURSELF
9;26.12.2021;39;Blurred Pink;CZY TU JEST NASZ DOM?
9;26.12.2021;40;Jack White;TAKING ME BACK
9;26.12.2021;41;Sorry Boys;JADĘ DO DOMU
9;26.12.2021;42;Follow;HALLELUJAH
